Full Name,Email Address,Department,Phone Number,Address
Lucía Rodríguez,lucía.rodríguez1@systech.br,Compras,(41) 9288-567,"Rua Oscar Niemeyer 53, Curitiba/PR"
Ana Martínez,ana.martínez2@systech.br,Compras,(41) 9385-936,"Rua Princesa Isabel 27, Curitiba/PR"
Miguel Fernández,miguel.fernández3@systech.br,TI,(41) 9557-441,"Rua Tiradentes 77, Curitiba/PR"
Juan López,juan.lópez4@systech.br,Administração,(41) 9786-976,"Rua Dom Pedro II 85, Curitiba/PR"
María Sánchez,maría.sánchez5@systech.br,Coordinador,(41) 9602-421,"Rua Tiradentes 62, Curitiba/PR"
María González,maría.gonzález6@systech.br,CEO,(41) 9438-860,"Rua Dom Pedro I 48, Curitiba/PR"
Pedro Gómez,pedro.gómez7@systech.br,Vendas,(41) 9518-990,"Rua Juscelino Kubitschek 21, Curitiba/PR"
Ana Sánchez,ana.sánchez8@systech.br,Compras,(41) 9319-241,"Rua Zumbi dos Palmares 71, Curitiba/PR"
Carlos Díaz,carlos.díaz9@systech.br,Gerente,(41) 9123-133,"Rua Oscar Niemeyer 28, Curitiba/PR"
Sofía López,sofía.lópez10@systech.br,Lider,(41) 9299-404,"Rua Oscar Niemeyer 89, Curitiba/PR"
Pedro Martín,pedro.martín11@systech.br,Coordinador,(41) 9557-964,"Rua Machado de Assis 30, Curitiba/PR"
Juan Martínez,juan.martínez12@systech.br,Compras,(41) 9723-890,"Rua Machado de Assis 12, Curitiba/PR"
María Rodríguez,maría.rodríguez13@systech.br,Compras,(41) 9868-947,"Rua Oscar Niemeyer 86, Curitiba/PR"
Juan Martínez,juan.martínez14@systech.br,Gestor,(41) 9712-687,"Rua Getúlio Vargas 38, Curitiba/PR"
Carlos López,carlos.lópez15@systech.br,Coordinador,(41) 9850-926,"Rua Tiradentes 77, Curitiba/PR"
María Fernández,maría.fernández16@systech.br,Administração,(41) 9806-545,"Rua Machado de Assis 49, Curitiba/PR"
Lucía Gómez,lucía.gómez17@systech.br,Gerente,(41) 9405-203,"Rua Zumbi dos Palmares 13, Curitiba/PR"
Lucía Rodríguez,lucía.rodríguez18@systech.br,Lider,(41) 9607-167,"Rua Oscar Niemeyer 18, Curitiba/PR"
Carlos González,carlos.gonzález19@systech.br,Gerente,(41) 9644-782,"Rua Chico Mendes 8, Curitiba/PR"
Ana Fernández,ana.fernández20@systech.br,TI,(41) 9375-677,"Rua Chico Mendes 7, Curitiba/PR"
Miguel Pérez,miguel.pérez21@systech.br,Gerente,(41) 9266-221,"Rua Princesa Isabel 48, Curitiba/PR"
Miguel Pérez,miguel.pérez22@systech.br,Gestor,(41) 9170-144,"Rua Juscelino Kubitschek 90, Curitiba/PR"
Sofía Martín,sofía.martín23@systech.br,Coordinador,(41) 9976-376,"Rua Princesa Isabel 59, Curitiba/PR"
Juan Martínez,juan.martínez24@systech.br,Vendas,(41) 9561-450,"Rua Dom Pedro I 50, Curitiba/PR"
Lucía Martín,lucía.martín25@systech.br,Vendas,(41) 9312-447,"Rua Tiradentes 56, Curitiba/PR"
Carlos Sánchez,carlos.sánchez26@systech.br,Lider,(41) 9337-327,"Rua Getúlio Vargas 68, Curitiba/PR"
María Fernández,maría.fernández27@systech.br,Compras,(41) 9435-340,"Rua Zumbi dos Palmares 55, Curitiba/PR"
Luis Martín,luis.martín28@systech.br,CEO,(41) 9166-112,"Rua Chico Mendes 20, Curitiba/PR"
María Rodríguez,maría.rodríguez29@systech.br,CEO,(41) 9312-723,"Rua Princesa Isabel 87, Curitiba/PR"
Sofía Gómez,sofía.gómez30@systech.br,Lider,(41) 9703-687,"Rua Oscar Niemeyer 30, Curitiba/PR"
Ana López,ana.lópez31@systech.br,Administração,(41) 9506-836,"Rua Machado de Assis 15, Curitiba/PR"
Miguel Gómez,miguel.gómez32@systech.br,Vendas,(41) 9457-288,"Rua Zumbi dos Palmares 66, Curitiba/PR"
Lucía González,lucía.gonzález33@systech.br,Administração,(41) 9437-764,"Rua Tiradentes 12, Curitiba/PR"
Lucía Rodríguez,lucía.rodríguez34@systech.br,Vendas,(41) 9673-306,"Rua Dom Pedro II 76, Curitiba/PR"
Sofía Rodríguez,sofía.rodríguez35@systech.br,Lider,(41) 9109-898,"Rua Dom Pedro I 61, Curitiba/PR"
Luis Rodríguez,luis.rodríguez36@systech.br,Lider,(41) 9201-336,"Rua Oscar Niemeyer 92, Curitiba/PR"
Ana Sánchez,ana.sánchez37@systech.br,Gerente,(41) 9575-520,"Rua Oscar Niemeyer 25, Curitiba/PR"
Carlos Pérez,carlos.pérez38@systech.br,TI,(41) 9393-571,"Rua Getúlio Vargas 60, Curitiba/PR"
Sofía Martínez,sofía.martínez39@systech.br,Coordinador,(41) 9571-498,"Rua Tiradentes 49, Curitiba/PR"
Carlos Gómez,carlos.gómez40@systech.br,Lider,(41) 9999-984,"Rua Getúlio Vargas 8, Curitiba/PR"
María Rodríguez,maría.rodríguez41@systech.br,TI,(41) 9812-810,"Rua Dom Pedro I 43, Curitiba/PR"
Lucía Martín,lucía.martín42@systech.br,Compras,(41) 9869-733,"Rua Chico Mendes 41, Curitiba/PR"
Luis Sánchez,luis.sánchez43@systech.br,Lider,(41) 9899-803,"Rua Dom Pedro II 79, Curitiba/PR"
Ana López,ana.lópez44@systech.br,Compras,(41) 9817-305,"Rua Tiradentes 99, Curitiba/PR"
Sofía González,sofía.gonzález45@systech.br,Vendas,(41) 9887-650,"Rua Dom Pedro II 13, Curitiba/PR"
Laura Martínez,laura.martínez46@systech.br,Gerente,(41) 9943-798,"Rua Oscar Niemeyer 62, Curitiba/PR"
Luis Díaz,luis.díaz47@systech.br,Gestor,(41) 9443-273,"Rua Machado de Assis 39, Curitiba/PR"
Luis Martín,luis.martín48@systech.br,Coordinador,(41) 9738-845,"Rua Getúlio Vargas 62, Curitiba/PR"
Sofía González,sofía.gonzález49@systech.br,Administração,(41) 9725-488,"Rua Oscar Niemeyer 37, Curitiba/PR"
Luis Fernández,luis.fernández50@systech.br,Coordinador,(41) 9770-737,"Rua Dom Pedro II 30, Curitiba/PR"
Miguel López,miguel.lópez51@systech.br,Administração,(41) 9638-986,"Rua Machado de Assis 99, Curitiba/PR"
Juan Díaz,juan.díaz52@systech.br,Administração,(41) 9457-297,"Rua Oscar Niemeyer 6, Curitiba/PR"
Luis Díaz,luis.díaz53@systech.br,Gestor,(41) 9946-337,"Rua Juscelino Kubitschek 45, Curitiba/PR"
Luis Gómez,luis.gómez54@systech.br,CEO,(41) 9962-790,"Rua Zumbi dos Palmares 85, Curitiba/PR"
Carlos Sánchez,carlos.sánchez55@systech.br,TI,(41) 9100-715,"Rua Dom Pedro II 23, Curitiba/PR"
Pedro González,pedro.gonzález56@systech.br,Coordinador,(41) 9944-574,"Rua Dom Pedro II 5, Curitiba/PR"
Laura Rodríguez,laura.rodríguez57@systech.br,Vendas,(41) 9801-337,"Rua Zumbi dos Palmares 69, Curitiba/PR"
Miguel López,miguel.lópez58@systech.br,Administração,(41) 9129-922,"Rua Getúlio Vargas 31, Curitiba/PR"
Lucía Martín,lucía.martín59@systech.br,CEO,(41) 9741-298,"Rua Juscelino Kubitschek 53, Curitiba/PR"
Miguel Martín,miguel.martín60@systech.br,Gerente,(41) 9877-427,"Rua Dom Pedro II 26, Curitiba/PR"
Pedro Rodríguez,pedro.rodríguez61@systech.br,Compras,(41) 9972-819,"Rua Chico Mendes 31, Curitiba/PR"
Ana Martínez,ana.martínez62@systech.br,CEO,(41) 9168-739,"Rua Princesa Isabel 75, Curitiba/PR"
Sofía Rodríguez,sofía.rodríguez63@systech.br,Coordinador,(41) 9414-513,"Rua Juscelino Kubitschek 81, Curitiba/PR"
Laura Fernández,laura.fernández64@systech.br,Gestor,(41) 9997-284,"Rua Machado de Assis 2, Curitiba/PR"
Miguel Gómez,miguel.gómez65@systech.br,Coordinador,(41) 9498-579,"Rua Juscelino Kubitschek 54, Curitiba/PR"
Sofía Sánchez,sofía.sánchez66@systech.br,Gerente,(41) 9442-851,"Rua Machado de Assis 20, Curitiba/PR"
Pedro Pérez,pedro.pérez67@systech.br,Vendas,(41) 9928-502,"Rua Zumbi dos Palmares 33, Curitiba/PR"
Miguel López,miguel.lópez68@systech.br,Administração,(41) 9884-995,"Rua Oscar Niemeyer 89, Curitiba/PR"
Luis Pérez,luis.pérez69@systech.br,CEO,(41) 9728-465,"Rua Princesa Isabel 86, Curitiba/PR"
Pedro Rodríguez,pedro.rodríguez70@systech.br,Coordinador,(41) 9442-852,"Rua Juscelino Kubitschek 31, Curitiba/PR"
Luis Díaz,luis.díaz71@systech.br,Gerente,(41) 9479-159,"Rua Princesa Isabel 48, Curitiba/PR"
Luis López,luis.lópez72@systech.br,Lider,(41) 9454-119,"Rua Zumbi dos Palmares 54, Curitiba/PR"
María Martínez,maría.martínez73@systech.br,Administração,(41) 9447-582,"Rua Zumbi dos Palmares 46, Curitiba/PR"
Ana González,ana.gonzález74@systech.br,TI,(41) 9895-774,"Rua Tiradentes 13, Curitiba/PR"
Miguel López,miguel.lópez75@systech.br,Gerente,(41) 9739-880,"Rua Chico Mendes 42, Curitiba/PR"
Carlos Pérez,carlos.pérez76@systech.br,Administração,(41) 9988-239,"Rua Princesa Isabel 36, Curitiba/PR"
Miguel López,miguel.lópez77@systech.br,Gestor,(41) 9364-381,"Rua Princesa Isabel 45, Curitiba/PR"
Ana Sánchez,ana.sánchez78@systech.br,Gerente,(41) 9242-619,"Rua Princesa Isabel 4, Curitiba/PR"
María Gómez,maría.gómez79@systech.br,TI,(41) 9676-637,"Rua Juscelino Kubitschek 81, Curitiba/PR"
María González,maría.gonzález80@systech.br,TI,(41) 9398-848,"Rua Princesa Isabel 38, Curitiba/PR"
María Fernández,maría.fernández81@systech.br,CEO,(41) 9478-656,"Rua Tiradentes 10, Curitiba/PR"
Ana González,ana.gonzález82@systech.br,Lider,(41) 9989-887,"Rua Juscelino Kubitschek 66, Curitiba/PR"
Lucía Martín,lucía.martín83@systech.br,Vendas,(41) 9247-465,"Rua Zumbi dos Palmares 84, Curitiba/PR"
Ana Fernández,ana.fernández84@systech.br,Gerente,(41) 9697-502,"Rua Chico Mendes 69, Curitiba/PR"
Juan López,juan.lópez85@systech.br,TI,(41) 9299-653,"Rua Princesa Isabel 52, Curitiba/PR"
Pedro Rodríguez,pedro.rodríguez86@systech.br,Compras,(41) 9475-127,"Rua Princesa Isabel 19, Curitiba/PR"
Carlos Díaz,carlos.díaz87@systech.br,Administração,(41) 9731-657,"Rua Zumbi dos Palmares 2, Curitiba/PR"
María Martín,maría.martín88@systech.br,Gerente,(41) 9806-100,"Rua Chico Mendes 96, Curitiba/PR"
Lucía Sánchez,lucía.sánchez89@systech.br,Vendas,(41) 9104-331,"Rua Oscar Niemeyer 33, Curitiba/PR"
Juan Sánchez,juan.sánchez90@systech.br,Gerente,(41) 9315-961,"Rua Machado de Assis 91, Curitiba/PR"
María Díaz,maría.díaz91@systech.br,Coordinador,(41) 9144-425,"Rua Chico Mendes 25, Curitiba/PR"
Miguel López,miguel.lópez92@systech.br,Gestor,(41) 9622-767,"Rua Dom Pedro II 68, Curitiba/PR"
María Fernández,maría.fernández93@systech.br,Gerente,(41) 9715-434,"Rua Tiradentes 53, Curitiba/PR"
Luis López,luis.lópez94@systech.br,Lider,(41) 9884-936,"Rua Juscelino Kubitschek 41, Curitiba/PR"
Laura López,laura.lópez95@systech.br,Lider,(41) 9608-461,"Rua Dom Pedro I 96, Curitiba/PR"
Sofía González,sofía.gonzález96@systech.br,TI,(41) 9242-112,"Rua Dom Pedro II 6, Curitiba/PR"
Miguel Martín,miguel.martín97@systech.br,Lider,(41) 9509-234,"Rua Dom Pedro II 75, Curitiba/PR"
Carlos Pérez,carlos.pérez98@systech.br,Lider,(41) 9410-378,"Rua Machado de Assis 84, Curitiba/PR"
Miguel Pérez,miguel.pérez99@systech.br,Lider,(41) 9447-488,"Rua Oscar Niemeyer 54, Curitiba/PR"
María López,maría.lópez100@systech.br,Compras,(41) 9691-536,"Rua Dom Pedro I 93, Curitiba/PR"
Ana Rodríguez,ana.rodríguez101@systech.br,Administração,(41) 9629-997,"Rua Dom Pedro II 23, Curitiba/PR"
Carlos López,carlos.lópez102@systech.br,Lider,(41) 9631-793,"Rua Dom Pedro I 7, Curitiba/PR"
Pedro González,pedro.gonzález103@systech.br,TI,(41) 9358-397,"Rua Dom Pedro II 78, Curitiba/PR"
María Rodríguez,maría.rodríguez104@systech.br,TI,(41) 9910-979,"Rua Juscelino Kubitschek 14, Curitiba/PR"
Sofía Martín,sofía.martín105@systech.br,Lider,(41) 9136-315,"Rua Dom Pedro II 40, Curitiba/PR"
Lucía Gómez,lucía.gómez106@systech.br,Gestor,(41) 9634-646,"Rua Zumbi dos Palmares 53, Curitiba/PR"
Juan Martín,juan.martín107@systech.br,Administração,(41) 9636-257,"Rua Dom Pedro II 12, Curitiba/PR"
Laura Martín,laura.martín108@systech.br,Coordinador,(41) 9488-277,"Rua Chico Mendes 56, Curitiba/PR"
Luis Gómez,luis.gómez109@systech.br,Lider,(41) 9923-444,"Rua Juscelino Kubitschek 75, Curitiba/PR"
Sofía Rodríguez,sofía.rodríguez110@systech.br,CEO,(41) 9931-672,"Rua Tiradentes 43, Curitiba/PR"
María Díaz,maría.díaz111@systech.br,Gerente,(41) 9610-992,"Rua Tiradentes 86, Curitiba/PR"
Pedro Sánchez,pedro.sánchez112@systech.br,Vendas,(41) 9917-231,"Rua Dom Pedro II 100, Curitiba/PR"
Lucía Rodríguez,lucía.rodríguez113@systech.br,CEO,(41) 9615-757,"Rua Machado de Assis 58, Curitiba/PR"
Lucía López,lucía.lópez114@systech.br,Gestor,(41) 9913-620,"Rua Dom Pedro I 7, Curitiba/PR"
Pedro Gómez,pedro.gómez115@systech.br,Administração,(41) 9636-114,"Rua Juscelino Kubitschek 88, Curitiba/PR"
Sofía Fernández,sofía.fernández116@systech.br,Vendas,(41) 9917-892,"Rua Dom Pedro II 85, Curitiba/PR"
Carlos González,carlos.gonzález117@systech.br,Gestor,(41) 9885-585,"Rua Juscelino Kubitschek 51, Curitiba/PR"
Carlos González,carlos.gonzález118@systech.br,Compras,(41) 9304-444,"Rua Machado de Assis 56, Curitiba/PR"
Ana Díaz,ana.díaz119@systech.br,TI,(41) 9383-490,"Rua Tiradentes 82, Curitiba/PR"
Ana Díaz,ana.díaz120@systech.br,Administração,(41) 9568-575,"Rua Zumbi dos Palmares 48, Curitiba/PR"
Juan Díaz,juan.díaz121@systech.br,Compras,(41) 9531-711,"Rua Chico Mendes 42, Curitiba/PR"
Juan López,juan.lópez122@systech.br,Gerente,(41) 9729-539,"Rua Machado de Assis 82, Curitiba/PR"
Juan López,juan.lópez123@systech.br,Lider,(41) 9787-255,"Rua Machado de Assis 30, Curitiba/PR"
Juan Sánchez,juan.sánchez124@systech.br,Coordinador,(41) 9630-516,"Rua Dom Pedro I 60, Curitiba/PR"
Ana Rodríguez,ana.rodríguez125@systech.br,Compras,(41) 9335-631,"Rua Dom Pedro II 4, Curitiba/PR"
Ana Rodríguez,ana.rodríguez126@systech.br,Compras,(41) 9925-503,"Rua Tiradentes 49, Curitiba/PR"
Carlos González,carlos.gonzález127@systech.br,Administração,(41) 9341-113,"Rua Juscelino Kubitschek 83, Curitiba/PR"
Ana López,ana.lópez128@systech.br,Administração,(41) 9547-889,"Rua Princesa Isabel 39, Curitiba/PR"
Juan Fernández,juan.fernández129@systech.br,Gerente,(41) 9497-256,"Rua Chico Mendes 95, Curitiba/PR"
María Díaz,maría.díaz130@systech.br,Compras,(41) 9840-781,"Rua Machado de Assis 43, Curitiba/PR"
Miguel López,miguel.lópez131@systech.br,Gestor,(41) 9182-855,"Rua Princesa Isabel 8, Curitiba/PR"
María López,maría.lópez132@systech.br,Gestor,(41) 9477-305,"Rua Dom Pedro I 60, Curitiba/PR"
Laura López,laura.lópez133@systech.br,CEO,(41) 9471-970,"Rua Oscar Niemeyer 3, Curitiba/PR"
Sofía López,sofía.lópez134@systech.br,Administração,(41) 9448-765,"Rua Getúlio Vargas 3, Curitiba/PR"
Juan Díaz,juan.díaz135@systech.br,Lider,(41) 9621-497,"Rua Machado de Assis 49, Curitiba/PR"
Lucía Martínez,lucía.martínez136@systech.br,Gerente,(41) 9309-563,"Rua Machado de Assis 46, Curitiba/PR"
Juan Díaz,juan.díaz137@systech.br,Gestor,(41) 9803-608,"Rua Oscar Niemeyer 71, Curitiba/PR"
Pedro López,pedro.lópez138@systech.br,Compras,(41) 9646-394,"Rua Zumbi dos Palmares 89, Curitiba/PR"
Luis González,luis.gonzález139@systech.br,Lider,(41) 9168-553,"Rua Machado de Assis 30, Curitiba/PR"
Lucía Fernández,lucía.fernández140@systech.br,TI,(41) 9335-373,"Rua Getúlio Vargas 92, Curitiba/PR"
Pedro López,pedro.lópez141@systech.br,Gerente,(41) 9620-340,"Rua Dom Pedro II 68, Curitiba/PR"
María Martínez,maría.martínez142@systech.br,Gestor,(41) 9940-271,"Rua Zumbi dos Palmares 87, Curitiba/PR"
Laura Sánchez,laura.sánchez143@systech.br,Gestor,(41) 9121-437,"Rua Getúlio Vargas 50, Curitiba/PR"
Juan González,juan.gonzález144@systech.br,Compras,(41) 9317-845,"Rua Dom Pedro I 25, Curitiba/PR"
Sofía Martín,sofía.martín145@systech.br,Administração,(41) 9340-377,"Rua Tiradentes 17, Curitiba/PR"
Laura Rodríguez,laura.rodríguez146@systech.br,Gestor,(41) 9944-674,"Rua Tiradentes 4, Curitiba/PR"
Juan Pérez,juan.pérez147@systech.br,Compras,(41) 9124-837,"Rua Oscar Niemeyer 58, Curitiba/PR"
Juan Rodríguez,juan.rodríguez148@systech.br,Compras,(41) 9254-245,"Rua Machado de Assis 72, Curitiba/PR"
María Rodríguez,maría.rodríguez149@systech.br,TI,(41) 9258-239,"Rua Oscar Niemeyer 13, Curitiba/PR"
Sofía Gómez,sofía.gómez150@systech.br,Gestor,(41) 9754-507,"Rua Tiradentes 41, Curitiba/PR"
Sofía Sánchez,sofía.sánchez151@systech.br,Administração,(41) 9659-571,"Rua Machado de Assis 78, Curitiba/PR"
Miguel Gómez,miguel.gómez152@systech.br,CEO,(41) 9710-638,"Rua Getúlio Vargas 53, Curitiba/PR"
Ana Díaz,ana.díaz153@systech.br,Lider,(41) 9595-864,"Rua Dom Pedro II 99, Curitiba/PR"
María Pérez,maría.pérez154@systech.br,TI,(41) 9536-109,"Rua Princesa Isabel 3, Curitiba/PR"
Miguel Rodríguez,miguel.rodríguez155@systech.br,CEO,(41) 9771-308,"Rua Getúlio Vargas 59, Curitiba/PR"
Luis Martín,luis.martín156@systech.br,Gerente,(41) 9865-667,"Rua Dom Pedro II 54, Curitiba/PR"
Juan López,juan.lópez157@systech.br,TI,(41) 9525-202,"Rua Chico Mendes 95, Curitiba/PR"
Ana Martín,ana.martín158@systech.br,Gestor,(41) 9402-596,"Rua Dom Pedro II 57, Curitiba/PR"
Laura Gómez,laura.gómez159@systech.br,Administração,(41) 9858-141,"Rua Dom Pedro I 16, Curitiba/PR"
Luis Fernández,luis.fernández160@systech.br,Compras,(41) 9357-878,"Rua Princesa Isabel 53, Curitiba/PR"
Luis Pérez,luis.pérez161@systech.br,Compras,(41) 9306-458,"Rua Machado de Assis 3, Curitiba/PR"
Lucía Díaz,lucía.díaz162@systech.br,Coordinador,(41) 9473-317,"Rua Oscar Niemeyer 95, Curitiba/PR"
Luis Pérez,luis.pérez163@systech.br,Lider,(41) 9170-491,"Rua Dom Pedro I 75, Curitiba/PR"
Laura Díaz,laura.díaz164@systech.br,Lider,(41) 9906-626,"Rua Machado de Assis 90, Curitiba/PR"
Pedro López,pedro.lópez165@systech.br,Gerente,(41) 9293-467,"Rua Oscar Niemeyer 33, Curitiba/PR"
Pedro Gómez,pedro.gómez166@systech.br,TI,(41) 9866-634,"Rua Dom Pedro I 62, Curitiba/PR"
Luis Rodríguez,luis.rodríguez167@systech.br,Lider,(41) 9517-568,"Rua Dom Pedro II 88, Curitiba/PR"
Juan González,juan.gonzález168@systech.br,CEO,(41) 9194-754,"Rua Zumbi dos Palmares 24, Curitiba/PR"
Pedro Martín,pedro.martín169@systech.br,Gestor,(41) 9205-431,"Rua Getúlio Vargas 96, Curitiba/PR"
María Sánchez,maría.sánchez170@systech.br,Vendas,(41) 9491-537,"Rua Oscar Niemeyer 89, Curitiba/PR"
Sofía López,sofía.lópez171@systech.br,Gestor,(41) 9124-479,"Rua Machado de Assis 97, Curitiba/PR"
Carlos Martín,carlos.martín172@systech.br,Coordinador,(41) 9971-511,"Rua Machado de Assis 64, Curitiba/PR"
Pedro Fernández,pedro.fernández173@systech.br,Administração,(41) 9956-788,"Rua Chico Mendes 45, Curitiba/PR"
María Fernández,maría.fernández174@systech.br,TI,(41) 9449-729,"Rua Dom Pedro I 23, Curitiba/PR"
María Martín,maría.martín175@systech.br,TI,(41) 9670-765,"Rua Dom Pedro I 82, Curitiba/PR"
María Gómez,maría.gómez176@systech.br,Vendas,(41) 9722-384,"Rua Dom Pedro I 24, Curitiba/PR"
Lucía Martínez,lucía.martínez177@systech.br,Administração,(41) 9516-932,"Rua Chico Mendes 32, Curitiba/PR"
Luis Fernández,luis.fernández178@systech.br,Coordinador,(41) 9864-579,"Rua Zumbi dos Palmares 11, Curitiba/PR"
Miguel Martínez,miguel.martínez179@systech.br,Coordinador,(41) 9473-592,"Rua Getúlio Vargas 67, Curitiba/PR"
Carlos González,carlos.gonzález180@systech.br,TI,(41) 9667-851,"Rua Machado de Assis 68, Curitiba/PR"
Luis Martín,luis.martín181@systech.br,Gestor,(41) 9992-504,"Rua Zumbi dos Palmares 17, Curitiba/PR"
Lucía Martínez,lucía.martínez182@systech.br,Gestor,(41) 9458-870,"Rua Dom Pedro II 34, Curitiba/PR"
Sofía González,sofía.gonzález183@systech.br,Administração,(41) 9810-501,"Rua Princesa Isabel 75, Curitiba/PR"
Carlos López,carlos.lópez184@systech.br,CEO,(41) 9234-382,"Rua Zumbi dos Palmares 54, Curitiba/PR"
Pedro González,pedro.gonzález185@systech.br,Gerente,(41) 9925-188,"Rua Tiradentes 50, Curitiba/PR"
Laura López,laura.lópez186@systech.br,Gestor,(41) 9812-791,"Rua Oscar Niemeyer 75, Curitiba/PR"
María Martínez,maría.martínez187@systech.br,Compras,(41) 9264-205,"Rua Dom Pedro I 74, Curitiba/PR"
Carlos López,carlos.lópez188@systech.br,Lider,(41) 9767-747,"Rua Chico Mendes 67, Curitiba/PR"
Juan Martín,juan.martín189@systech.br,Gestor,(41) 9290-684,"Rua Juscelino Kubitschek 69, Curitiba/PR"
Ana López,ana.lópez190@systech.br,Coordinador,(41) 9692-317,"Rua Dom Pedro II 94, Curitiba/PR"
María Fernández,maría.fernández191@systech.br,Compras,(41) 9129-488,"Rua Dom Pedro II 94, Curitiba/PR"
Miguel Fernández,miguel.fernández192@systech.br,Compras,(41) 9792-922,"Rua Chico Mendes 71, Curitiba/PR"
María Rodríguez,maría.rodríguez193@systech.br,Vendas,(41) 9675-823,"Rua Dom Pedro II 58, Curitiba/PR"
Pedro Fernández,pedro.fernández194@systech.br,Compras,(41) 9103-422,"Rua Tiradentes 72, Curitiba/PR"
Pedro Sánchez,pedro.sánchez195@systech.br,Gestor,(41) 9636-664,"Rua Dom Pedro II 18, Curitiba/PR"
Ana Fernández,ana.fernández196@systech.br,Gerente,(41) 9810-533,"Rua Tiradentes 21, Curitiba/PR"
María López,maría.lópez197@systech.br,Vendas,(41) 9700-709,"Rua Getúlio Vargas 7, Curitiba/PR"
Carlos Rodríguez,carlos.rodríguez198@systech.br,Compras,(41) 9943-943,"Rua Dom Pedro II 95, Curitiba/PR"
Laura Pérez,laura.pérez199@systech.br,CEO,(41) 9593-783,"Rua Dom Pedro I 95, Curitiba/PR"
Juan Martín,juan.martín200@systech.br,Vendas,(41) 9493-899,"Rua Getúlio Vargas 75, Curitiba/PR"
Luis Rodríguez,luis.rodríguez201@systech.br,Gestor,(41) 9828-469,"Rua Juscelino Kubitschek 33, Curitiba/PR"
Sofía Fernández,sofía.fernández202@systech.br,CEO,(41) 9619-832,"Rua Tiradentes 70, Curitiba/PR"
Ana López,ana.lópez203@systech.br,TI,(41) 9437-915,"Rua Dom Pedro II 58, Curitiba/PR"
Miguel Sánchez,miguel.sánchez204@systech.br,Gestor,(41) 9378-833,"Rua Oscar Niemeyer 52, Curitiba/PR"
Lucía Gómez,lucía.gómez205@systech.br,Gestor,(41) 9777-794,"Rua Dom Pedro I 69, Curitiba/PR"
Miguel López,miguel.lópez206@systech.br,Vendas,(41) 9874-633,"Rua Juscelino Kubitschek 72, Curitiba/PR"
Ana Martínez,ana.martínez207@systech.br,Administração,(41) 9437-126,"Rua Dom Pedro II 80, Curitiba/PR"
Lucía Pérez,lucía.pérez208@systech.br,Vendas,(41) 9155-114,"Rua Dom Pedro II 72, Curitiba/PR"
Luis Martínez,luis.martínez209@systech.br,Administração,(41) 9453-186,"Rua Getúlio Vargas 54, Curitiba/PR"
Miguel Pérez,miguel.pérez210@systech.br,Vendas,(41) 9361-962,"Rua Zumbi dos Palmares 5, Curitiba/PR"
Pedro Sánchez,pedro.sánchez211@systech.br,Vendas,(41) 9386-309,"Rua Tiradentes 60, Curitiba/PR"
Pedro González,pedro.gonzález212@systech.br,Gestor,(41) 9474-890,"Rua Machado de Assis 2, Curitiba/PR"
Juan Gómez,juan.gómez213@systech.br,Lider,(41) 9361-658,"Rua Getúlio Vargas 49, Curitiba/PR"
Luis Fernández,luis.fernández214@systech.br,Vendas,(41) 9344-451,"Rua Dom Pedro I 76, Curitiba/PR"
Pedro Martín,pedro.martín215@systech.br,Gestor,(41) 9409-736,"Rua Tiradentes 9, Curitiba/PR"
Pedro López,pedro.lópez216@systech.br,Administração,(41) 9955-818,"Rua Machado de Assis 21, Curitiba/PR"
Miguel Rodríguez,miguel.rodríguez217@systech.br,Gestor,(41) 9199-746,"Rua Getúlio Vargas 33, Curitiba/PR"
Luis Gómez,luis.gómez218@systech.br,Lider,(41) 9105-287,"Rua Machado de Assis 10, Curitiba/PR"
Laura González,laura.gonzález219@systech.br,Administração,(41) 9687-263,"Rua Chico Mendes 21, Curitiba/PR"
Ana Martínez,ana.martínez220@systech.br,Gerente,(41) 9595-436,"Rua Chico Mendes 62, Curitiba/PR"
Juan González,juan.gonzález221@systech.br,Lider,(41) 9415-839,"Rua Oscar Niemeyer 48, Curitiba/PR"
Sofía Martín,sofía.martín222@systech.br,CEO,(41) 9107-567,"Rua Chico Mendes 60, Curitiba/PR"
Luis González,luis.gonzález223@systech.br,TI,(41) 9362-179,"Rua Juscelino Kubitschek 10, Curitiba/PR"
Ana Díaz,ana.díaz224@systech.br,Lider,(41) 9551-583,"Rua Chico Mendes 12, Curitiba/PR"
María González,maría.gonzález225@systech.br,Lider,(41) 9192-470,"Rua Dom Pedro I 9, Curitiba/PR"
María Martínez,maría.martínez226@systech.br,Coordinador,(41) 9773-734,"Rua Chico Mendes 98, Curitiba/PR"
Luis Gómez,luis.gómez227@systech.br,Administração,(41) 9270-240,"Rua Machado de Assis 60, Curitiba/PR"
Juan López,juan.lópez228@systech.br,Compras,(41) 9944-653,"Rua Dom Pedro I 38, Curitiba/PR"
Laura Díaz,laura.díaz229@systech.br,Administração,(41) 9299-316,"Rua Oscar Niemeyer 39, Curitiba/PR"
Carlos Díaz,carlos.díaz230@systech.br,Administração,(41) 9828-377,"Rua Juscelino Kubitschek 49, Curitiba/PR"
Ana Díaz,ana.díaz231@systech.br,Gestor,(41) 9161-778,"Rua Dom Pedro II 87, Curitiba/PR"
Laura Martínez,laura.martínez232@systech.br,Administração,(41) 9784-824,"Rua Dom Pedro II 90, Curitiba/PR"
Miguel Gómez,miguel.gómez233@systech.br,TI,(41) 9798-919,"Rua Dom Pedro II 7, Curitiba/PR"
Laura Sánchez,laura.sánchez234@systech.br,Coordinador,(41) 9844-760,"Rua Machado de Assis 41, Curitiba/PR"
Luis Pérez,luis.pérez235@systech.br,Lider,(41) 9896-500,"Rua Dom Pedro I 56, Curitiba/PR"
Luis Gómez,luis.gómez236@systech.br,Gestor,(41) 9148-990,"Rua Oscar Niemeyer 24, Curitiba/PR"
Ana Martínez,ana.martínez237@systech.br,Gerente,(41) 9266-399,"Rua Juscelino Kubitschek 33, Curitiba/PR"
Lucía Martín,lucía.martín238@systech.br,Compras,(41) 9513-883,"Rua Dom Pedro II 14, Curitiba/PR"
Carlos Martínez,carlos.martínez239@systech.br,CEO,(41) 9489-907,"Rua Princesa Isabel 87, Curitiba/PR"
María Martínez,maría.martínez240@systech.br,CEO,(41) 9691-748,"Rua Dom Pedro II 2, Curitiba/PR"
Juan Fernández,juan.fernández241@systech.br,Lider,(41) 9189-959,"Rua Dom Pedro II 88, Curitiba/PR"
Lucía Díaz,lucía.díaz242@systech.br,Gerente,(41) 9222-114,"Rua Dom Pedro II 44, Curitiba/PR"
Miguel González,miguel.gonzález243@systech.br,Gerente,(41) 9863-377,"Rua Zumbi dos Palmares 95, Curitiba/PR"
Laura López,laura.lópez244@systech.br,Vendas,(41) 9652-160,"Rua Dom Pedro II 6, Curitiba/PR"
Miguel Fernández,miguel.fernández245@systech.br,Gestor,(41) 9785-927,"Rua Zumbi dos Palmares 93, Curitiba/PR"
María Sánchez,maría.sánchez246@systech.br,Gestor,(41) 9207-266,"Rua Dom Pedro II 26, Curitiba/PR"
Luis López,luis.lópez247@systech.br,Lider,(41) 9602-449,"Rua Oscar Niemeyer 57, Curitiba/PR"
Juan Martínez,juan.martínez248@systech.br,CEO,(41) 9602-392,"Rua Dom Pedro II 65, Curitiba/PR"
Laura Martínez,laura.martínez249@systech.br,Administração,(41) 9553-767,"Rua Juscelino Kubitschek 4, Curitiba/PR"
Ana Gómez,ana.gómez250@systech.br,Gestor,(41) 9136-901,"Rua Dom Pedro I 71, Curitiba/PR"
María López,maría.lópez251@systech.br,TI,(41) 9742-583,"Rua Tiradentes 73, Curitiba/PR"
Miguel Rodríguez,miguel.rodríguez252@systech.br,Coordinador,(41) 9660-522,"Rua Juscelino Kubitschek 43, Curitiba/PR"
Juan Fernández,juan.fernández253@systech.br,CEO,(41) 9589-877,"Rua Getúlio Vargas 87, Curitiba/PR"
Miguel Gómez,miguel.gómez254@systech.br,CEO,(41) 9442-616,"Rua Tiradentes 25, Curitiba/PR"
Laura Pérez,laura.pérez255@systech.br,Administração,(41) 9102-549,"Rua Juscelino Kubitschek 19, Curitiba/PR"
Sofía Martínez,sofía.martínez256@systech.br,Gerente,(41) 9303-929,"Rua Juscelino Kubitschek 39, Curitiba/PR"
Pedro Gómez,pedro.gómez257@systech.br,Gerente,(41) 9306-612,"Rua Getúlio Vargas 78, Curitiba/PR"
Lucía Sánchez,lucía.sánchez258@systech.br,Vendas,(41) 9303-655,"Rua Tiradentes 48, Curitiba/PR"
Lucía Martín,lucía.martín259@systech.br,Administração,(41) 9206-794,"Rua Princesa Isabel 20, Curitiba/PR"
Luis Pérez,luis.pérez260@systech.br,Coordinador,(41) 9597-676,"Rua Dom Pedro I 49, Curitiba/PR"
Carlos González,carlos.gonzález261@systech.br,Administração,(41) 9190-313,"Rua Juscelino Kubitschek 70, Curitiba/PR"
Miguel Sánchez,miguel.sánchez262@systech.br,Compras,(41) 9876-115,"Rua Machado de Assis 26, Curitiba/PR"
Pedro Martín,pedro.martín263@systech.br,Vendas,(41) 9248-859,"Rua Princesa Isabel 15, Curitiba/PR"
Luis Sánchez,luis.sánchez264@systech.br,Lider,(41) 9669-358,"Rua Getúlio Vargas 97, Curitiba/PR"
Sofía Martínez,sofía.martínez265@systech.br,TI,(41) 9763-697,"Rua Princesa Isabel 81, Curitiba/PR"
Miguel Sánchez,miguel.sánchez266@systech.br,Coordinador,(41) 9807-519,"Rua Oscar Niemeyer 78, Curitiba/PR"
Laura Gómez,laura.gómez267@systech.br,Compras,(41) 9535-646,"Rua Juscelino Kubitschek 94, Curitiba/PR"
Ana Martín,ana.martín268@systech.br,Administração,(41) 9907-516,"Rua Oscar Niemeyer 5, Curitiba/PR"
María Martín,maría.martín269@systech.br,Coordinador,(41) 9797-259,"Rua Machado de Assis 57, Curitiba/PR"
Juan González,juan.gonzález270@systech.br,CEO,(41) 9121-508,"Rua Getúlio Vargas 59, Curitiba/PR"
Miguel Martínez,miguel.martínez271@systech.br,Vendas,(41) 9291-541,"Rua Dom Pedro I 83, Curitiba/PR"
María Fernández,maría.fernández272@systech.br,Vendas,(41) 9735-225,"Rua Oscar Niemeyer 74, Curitiba/PR"
Carlos Gómez,carlos.gómez273@systech.br,Administração,(41) 9211-247,"Rua Princesa Isabel 43, Curitiba/PR"
Lucía Rodríguez,lucía.rodríguez274@systech.br,TI,(41) 9709-658,"Rua Getúlio Vargas 37, Curitiba/PR"
Carlos Martín,carlos.martín275@systech.br,CEO,(41) 9936-783,"Rua Tiradentes 4, Curitiba/PR"
Juan López,juan.lópez276@systech.br,Coordinador,(41) 9677-414,"Rua Dom Pedro I 17, Curitiba/PR"
Carlos Martínez,carlos.martínez277@systech.br,Gerente,(41) 9521-939,"Rua Princesa Isabel 53, Curitiba/PR"
Sofía Martínez,sofía.martínez278@systech.br,TI,(41) 9784-808,"Rua Dom Pedro I 9, Curitiba/PR"
María Fernández,maría.fernández279@systech.br,Gestor,(41) 9691-882,"Rua Juscelino Kubitschek 13, Curitiba/PR"
Juan Rodríguez,juan.rodríguez280@systech.br,Vendas,(41) 9306-365,"Rua Machado de Assis 88, Curitiba/PR"
Carlos Martín,carlos.martín281@systech.br,Lider,(41) 9857-344,"Rua Princesa Isabel 91, Curitiba/PR"
María Martín,maría.martín282@systech.br,TI,(41) 9935-118,"Rua Juscelino Kubitschek 48, Curitiba/PR"
Luis Fernández,luis.fernández283@systech.br,Administração,(41) 9604-328,"Rua Zumbi dos Palmares 24, Curitiba/PR"
Sofía Pérez,sofía.pérez284@systech.br,Gerente,(41) 9796-558,"Rua Chico Mendes 21, Curitiba/PR"
Miguel Martín,miguel.martín285@systech.br,Compras,(41) 9439-566,"Rua Dom Pedro II 84, Curitiba/PR"
Pedro Sánchez,pedro.sánchez286@systech.br,Gestor,(41) 9120-845,"Rua Juscelino Kubitschek 92, Curitiba/PR"
Pedro Fernández,pedro.fernández287@systech.br,Gestor,(41) 9622-102,"Rua Getúlio Vargas 4, Curitiba/PR"
Luis Fernández,luis.fernández288@systech.br,TI,(41) 9822-645,"Rua Dom Pedro II 94, Curitiba/PR"
María Rodríguez,maría.rodríguez289@systech.br,Compras,(41) 9599-599,"Rua Oscar Niemeyer 95, Curitiba/PR"
Carlos Gómez,carlos.gómez290@systech.br,TI,(41) 9628-521,"Rua Oscar Niemeyer 39, Curitiba/PR"
Pedro Gómez,pedro.gómez291@systech.br,Compras,(41) 9764-401,"Rua Princesa Isabel 21, Curitiba/PR"
Miguel Gómez,miguel.gómez292@systech.br,Gestor,(41) 9622-472,"Rua Tiradentes 38, Curitiba/PR"
Lucía Sánchez,lucía.sánchez293@systech.br,CEO,(41) 9733-835,"Rua Machado de Assis 76, Curitiba/PR"
Miguel Sánchez,miguel.sánchez294@systech.br,Coordinador,(41) 9366-334,"Rua Chico Mendes 24, Curitiba/PR"
Miguel Rodríguez,miguel.rodríguez295@systech.br,Lider,(41) 9757-951,"Rua Tiradentes 90, Curitiba/PR"
Juan Fernández,juan.fernández296@systech.br,TI,(41) 9436-474,"Rua Tiradentes 40, Curitiba/PR"
Miguel González,miguel.gonzález297@systech.br,Lider,(41) 9370-362,"Rua Chico Mendes 48, Curitiba/PR"
Luis López,luis.lópez298@systech.br,Administração,(41) 9325-685,"Rua Dom Pedro I 14, Curitiba/PR"
Lucía Sánchez,lucía.sánchez299@systech.br,Lider,(41) 9168-425,"Rua Dom Pedro I 23, Curitiba/PR"
Carlos Fernández,carlos.fernández300@systech.br,Coordinador,(41) 9880-585,"Rua Princesa Isabel 89, Curitiba/PR"
Laura González,laura.gonzález301@systech.br,Compras,(41) 9851-259,"Rua Juscelino Kubitschek 58, Curitiba/PR"
Carlos Rodríguez,carlos.rodríguez302@systech.br,Compras,(41) 9596-547,"Rua Dom Pedro II 9, Curitiba/PR"
María Fernández,maría.fernández303@systech.br,Administração,(41) 9851-814,"Rua Machado de Assis 51, Curitiba/PR"
Sofía Pérez,sofía.pérez304@systech.br,Gestor,(41) 9392-223,"Rua Princesa Isabel 31, Curitiba/PR"
Laura Díaz,laura.díaz305@systech.br,TI,(41) 9245-779,"Rua Dom Pedro I 88, Curitiba/PR"
Lucía Fernández,lucía.fernández306@systech.br,Gestor,(41) 9825-752,"Rua Princesa Isabel 96, Curitiba/PR"
Luis López,luis.lópez307@systech.br,Lider,(41) 9206-919,"Rua Tiradentes 70, Curitiba/PR"
Carlos Fernández,carlos.fernández308@systech.br,Gestor,(41) 9678-702,"Rua Dom Pedro I 87, Curitiba/PR"
Juan Sánchez,juan.sánchez309@systech.br,Gestor,(41) 9767-793,"Rua Oscar Niemeyer 51, Curitiba/PR"
Pedro López,pedro.lópez310@systech.br,Compras,(41) 9585-687,"Rua Chico Mendes 47, Curitiba/PR"
Juan Gómez,juan.gómez311@systech.br,Coordinador,(41) 9588-369,"Rua Getúlio Vargas 38, Curitiba/PR"
Sofía López,sofía.lópez312@systech.br,CEO,(41) 9998-711,"Rua Oscar Niemeyer 22, Curitiba/PR"
Pedro Rodríguez,pedro.rodríguez313@systech.br,Coordinador,(41) 9124-104,"Rua Oscar Niemeyer 17, Curitiba/PR"
Laura Martínez,laura.martínez314@systech.br,Vendas,(41) 9464-873,"Rua Tiradentes 33, Curitiba/PR"
Miguel Martín,miguel.martín315@systech.br,CEO,(41) 9275-457,"Rua Dom Pedro II 80, Curitiba/PR"
Carlos González,carlos.gonzález316@systech.br,Compras,(41) 9361-544,"Rua Princesa Isabel 59, Curitiba/PR"
Lucía Sánchez,lucía.sánchez317@systech.br,Coordinador,(41) 9350-652,"Rua Getúlio Vargas 3, Curitiba/PR"
Miguel Martínez,miguel.martínez318@systech.br,Compras,(41) 9286-717,"Rua Tiradentes 66, Curitiba/PR"
Pedro Fernández,pedro.fernández319@systech.br,Gestor,(41) 9920-596,"Rua Princesa Isabel 12, Curitiba/PR"
Sofía Martínez,sofía.martínez320@systech.br,Lider,(41) 9903-469,"Rua Machado de Assis 72, Curitiba/PR"
Sofía Díaz,sofía.díaz321@systech.br,Coordinador,(41) 9183-708,"Rua Dom Pedro I 20, Curitiba/PR"
Juan Martínez,juan.martínez322@systech.br,Coordinador,(41) 9352-495,"Rua Princesa Isabel 36, Curitiba/PR"
Ana López,ana.lópez323@systech.br,TI,(41) 9301-568,"Rua Dom Pedro I 16, Curitiba/PR"
María Martín,maría.martín324@systech.br,Vendas,(41) 9525-846,"Rua Princesa Isabel 5, Curitiba/PR"
Miguel Martínez,miguel.martínez325@systech.br,Compras,(41) 9243-476,"Rua Princesa Isabel 20, Curitiba/PR"
Juan González,juan.gonzález326@systech.br,Vendas,(41) 9174-395,"Rua Dom Pedro I 31, Curitiba/PR"
Pedro Sánchez,pedro.sánchez327@systech.br,CEO,(41) 9756-497,"Rua Dom Pedro I 13, Curitiba/PR"
Pedro Díaz,pedro.díaz328@systech.br,Compras,(41) 9868-774,"Rua Juscelino Kubitschek 66, Curitiba/PR"
Laura Fernández,laura.fernández329@systech.br,CEO,(41) 9682-941,"Rua Dom Pedro I 58, Curitiba/PR"
Ana Martínez,ana.martínez330@systech.br,Gestor,(41) 9610-726,"Rua Oscar Niemeyer 70, Curitiba/PR"
Sofía Martínez,sofía.martínez331@systech.br,TI,(41) 9400-469,"Rua Machado de Assis 46, Curitiba/PR"
Juan Martín,juan.martín332@systech.br,Vendas,(41) 9453-547,"Rua Getúlio Vargas 47, Curitiba/PR"
Sofía López,sofía.lópez333@systech.br,Gerente,(41) 9297-181,"Rua Dom Pedro II 19, Curitiba/PR"
María Pérez,maría.pérez334@systech.br,Gestor,(41) 9429-993,"Rua Princesa Isabel 62, Curitiba/PR"
Pedro Sánchez,pedro.sánchez335@systech.br,Administração,(41) 9982-590,"Rua Oscar Niemeyer 47, Curitiba/PR"
Laura Gómez,laura.gómez336@systech.br,Vendas,(41) 9394-973,"Rua Oscar Niemeyer 82, Curitiba/PR"
Juan Sánchez,juan.sánchez337@systech.br,TI,(41) 9887-217,"Rua Tiradentes 47, Curitiba/PR"
Miguel Martín,miguel.martín338@systech.br,CEO,(41) 9333-161,"Rua Zumbi dos Palmares 67, Curitiba/PR"
Ana Fernández,ana.fernández339@systech.br,Administração,(41) 9509-427,"Rua Dom Pedro I 68, Curitiba/PR"
María Martín,maría.martín340@systech.br,Gestor,(41) 9534-741,"Rua Chico Mendes 89, Curitiba/PR"
Luis Martínez,luis.martínez341@systech.br,CEO,(41) 9640-748,"Rua Tiradentes 52, Curitiba/PR"
Pedro Martín,pedro.martín342@systech.br,Gerente,(41) 9994-586,"Rua Machado de Assis 52, Curitiba/PR"
Carlos González,carlos.gonzález343@systech.br,Gerente,(41) 9351-382,"Rua Princesa Isabel 57, Curitiba/PR"
Sofía Martínez,sofía.martínez344@systech.br,Gestor,(41) 9800-265,"Rua Dom Pedro I 59, Curitiba/PR"
Laura Sánchez,laura.sánchez345@systech.br,Coordinador,(41) 9770-260,"Rua Juscelino Kubitschek 75, Curitiba/PR"
Lucía Martínez,lucía.martínez346@systech.br,Coordinador,(41) 9754-975,"Rua Oscar Niemeyer 77, Curitiba/PR"
Laura Sánchez,laura.sánchez347@systech.br,Coordinador,(41) 9726-781,"Rua Zumbi dos Palmares 82, Curitiba/PR"
Laura Pérez,laura.pérez348@systech.br,Administração,(41) 9739-701,"Rua Dom Pedro II 62, Curitiba/PR"
Pedro Díaz,pedro.díaz349@systech.br,Vendas,(41) 9136-223,"Rua Oscar Niemeyer 100, Curitiba/PR"
María González,maría.gonzález350@systech.br,Compras,(41) 9300-863,"Rua Dom Pedro II 41, Curitiba/PR"
Miguel Pérez,miguel.pérez351@systech.br,Lider,(41) 9607-478,"Rua Princesa Isabel 5, Curitiba/PR"
Ana González,ana.gonzález352@systech.br,Administração,(41) 9189-319,"Rua Tiradentes 22, Curitiba/PR"
María Díaz,maría.díaz353@systech.br,Gerente,(41) 9793-816,"Rua Dom Pedro II 40, Curitiba/PR"
Pedro Díaz,pedro.díaz354@systech.br,Coordinador,(41) 9546-137,"Rua Oscar Niemeyer 61, Curitiba/PR"
María Martínez,maría.martínez355@systech.br,Coordinador,(41) 9148-693,"Rua Tiradentes 75, Curitiba/PR"
Laura Pérez,laura.pérez356@systech.br,TI,(41) 9952-601,"Rua Getúlio Vargas 92, Curitiba/PR"
Miguel González,miguel.gonzález357@systech.br,Lider,(41) 9541-385,"Rua Oscar Niemeyer 87, Curitiba/PR"
Laura Pérez,laura.pérez358@systech.br,CEO,(41) 9485-212,"Rua Chico Mendes 7, Curitiba/PR"
Ana Díaz,ana.díaz359@systech.br,Vendas,(41) 9508-988,"Rua Princesa Isabel 30, Curitiba/PR"
Carlos Fernández,carlos.fernández360@systech.br,Compras,(41) 9440-157,"Rua Zumbi dos Palmares 6, Curitiba/PR"
Lucía Gómez,lucía.gómez361@systech.br,Lider,(41) 9552-211,"Rua Zumbi dos Palmares 86, Curitiba/PR"
María Fernández,maría.fernández362@systech.br,Compras,(41) 9724-625,"Rua Dom Pedro I 71, Curitiba/PR"
Juan Martínez,juan.martínez363@systech.br,CEO,(41) 9291-902,"Rua Machado de Assis 87, Curitiba/PR"
Ana Martínez,ana.martínez364@systech.br,Lider,(41) 9115-679,"Rua Chico Mendes 65, Curitiba/PR"
Juan Pérez,juan.pérez365@systech.br,Administração,(41) 9538-128,"Rua Oscar Niemeyer 26, Curitiba/PR"
Laura Díaz,laura.díaz366@systech.br,Gerente,(41) 9130-262,"Rua Zumbi dos Palmares 2, Curitiba/PR"
Ana González,ana.gonzález367@systech.br,Gerente,(41) 9424-267,"Rua Machado de Assis 98, Curitiba/PR"
Pedro Martín,pedro.martín368@systech.br,Gerente,(41) 9415-965,"Rua Dom Pedro II 56, Curitiba/PR"
Juan López,juan.lópez369@systech.br,TI,(41) 9812-663,"Rua Zumbi dos Palmares 95, Curitiba/PR"
Lucía Sánchez,lucía.sánchez370@systech.br,Gestor,(41) 9207-829,"Rua Juscelino Kubitschek 34, Curitiba/PR"
Sofía Martínez,sofía.martínez371@systech.br,Vendas,(41) 9547-310,"Rua Getúlio Vargas 66, Curitiba/PR"
Miguel Gómez,miguel.gómez372@systech.br,Administração,(41) 9904-893,"Rua Machado de Assis 39, Curitiba/PR"
Juan González,juan.gonzález373@systech.br,Lider,(41) 9247-363,"Rua Machado de Assis 10, Curitiba/PR"
Miguel González,miguel.gonzález374@systech.br,Gestor,(41) 9590-580,"Rua Dom Pedro II 15, Curitiba/PR"
Juan Pérez,juan.pérez375@systech.br,Gerente,(41) 9482-567,"Rua Juscelino Kubitschek 27, Curitiba/PR"
Laura Díaz,laura.díaz376@systech.br,CEO,(41) 9677-386,"Rua Princesa Isabel 39, Curitiba/PR"
Juan Díaz,juan.díaz377@systech.br,CEO,(41) 9885-546,"Rua Oscar Niemeyer 37, Curitiba/PR"
María Gómez,maría.gómez378@systech.br,Coordinador,(41) 9490-451,"Rua Dom Pedro I 46, Curitiba/PR"
Sofía Pérez,sofía.pérez379@systech.br,Administração,(41) 9385-147,"Rua Machado de Assis 30, Curitiba/PR"
Sofía Sánchez,sofía.sánchez380@systech.br,Administração,(41) 9768-322,"Rua Zumbi dos Palmares 84, Curitiba/PR"
Luis Martín,luis.martín381@systech.br,Vendas,(41) 9816-139,"Rua Juscelino Kubitschek 36, Curitiba/PR"
Miguel Fernández,miguel.fernández382@systech.br,Gestor,(41) 9625-554,"Rua Chico Mendes 10, Curitiba/PR"
Juan Fernández,juan.fernández383@systech.br,Gestor,(41) 9789-381,"Rua Princesa Isabel 87, Curitiba/PR"
Miguel Martín,miguel.martín384@systech.br,CEO,(41) 9716-508,"Rua Oscar Niemeyer 80, Curitiba/PR"
Carlos González,carlos.gonzález385@systech.br,Gerente,(41) 9612-131,"Rua Princesa Isabel 61, Curitiba/PR"
María Martínez,maría.martínez386@systech.br,Compras,(41) 9658-356,"Rua Dom Pedro I 92, Curitiba/PR"
María Rodríguez,maría.rodríguez387@systech.br,Gerente,(41) 9300-922,"Rua Dom Pedro II 62, Curitiba/PR"
Sofía Martín,sofía.martín388@systech.br,Vendas,(41) 9859-130,"Rua Zumbi dos Palmares 97, Curitiba/PR"
Miguel Rodríguez,miguel.rodríguez389@systech.br,Vendas,(41) 9294-856,"Rua Oscar Niemeyer 33, Curitiba/PR"
Laura Díaz,laura.díaz390@systech.br,Compras,(41) 9876-453,"Rua Oscar Niemeyer 67, Curitiba/PR"
Carlos González,carlos.gonzález391@systech.br,Lider,(41) 9586-854,"Rua Machado de Assis 70, Curitiba/PR"
Lucía Sánchez,lucía.sánchez392@systech.br,Gerente,(41) 9547-777,"Rua Dom Pedro II 75, Curitiba/PR"
Ana Fernández,ana.fernández393@systech.br,CEO,(41) 9854-477,"Rua Oscar Niemeyer 13, Curitiba/PR"
Laura Gómez,laura.gómez394@systech.br,Lider,(41) 9320-592,"Rua Juscelino Kubitschek 17, Curitiba/PR"
Ana Gómez,ana.gómez395@systech.br,Administração,(41) 9500-197,"Rua Chico Mendes 48, Curitiba/PR"
Lucía Martín,lucía.martín396@systech.br,Gerente,(41) 9203-774,"Rua Dom Pedro II 78, Curitiba/PR"
Ana Sánchez,ana.sánchez397@systech.br,Compras,(41) 9555-708,"Rua Tiradentes 26, Curitiba/PR"
Pedro Díaz,pedro.díaz398@systech.br,Lider,(41) 9745-324,"Rua Dom Pedro I 28, Curitiba/PR"
Lucía Rodríguez,lucía.rodríguez399@systech.br,Vendas,(41) 9321-749,"Rua Juscelino Kubitschek 36, Curitiba/PR"
Sofía González,sofía.gonzález400@systech.br,CEO,(41) 9756-962,"Rua Zumbi dos Palmares 25, Curitiba/PR"
Sofía Martínez,sofía.martínez401@systech.br,Lider,(41) 9480-509,"Rua Getúlio Vargas 76, Curitiba/PR"
Ana Sánchez,ana.sánchez402@systech.br,Compras,(41) 9137-438,"Rua Dom Pedro I 40, Curitiba/PR"
Sofía Martín,sofía.martín403@systech.br,TI,(41) 9769-804,"Rua Dom Pedro I 64, Curitiba/PR"
Juan Díaz,juan.díaz404@systech.br,Gerente,(41) 9709-529,"Rua Chico Mendes 22, Curitiba/PR"
Pedro Pérez,pedro.pérez405@systech.br,Administração,(41) 9602-287,"Rua Machado de Assis 57, Curitiba/PR"
Lucía Martínez,lucía.martínez406@systech.br,Gerente,(41) 9456-478,"Rua Oscar Niemeyer 13, Curitiba/PR"
Juan Fernández,juan.fernández407@systech.br,Coordinador,(41) 9261-317,"Rua Oscar Niemeyer 32, Curitiba/PR"
Juan López,juan.lópez408@systech.br,Gestor,(41) 9571-357,"Rua Machado de Assis 75, Curitiba/PR"
Laura Fernández,laura.fernández409@systech.br,Gestor,(41) 9757-655,"Rua Chico Mendes 30, Curitiba/PR"
Pedro Sánchez,pedro.sánchez410@systech.br,Coordinador,(41) 9920-406,"Rua Tiradentes 47, Curitiba/PR"
Ana Martín,ana.martín411@systech.br,Vendas,(41) 9994-812,"Rua Tiradentes 18, Curitiba/PR"
Sofía Gómez,sofía.gómez412@systech.br,TI,(41) 9628-386,"Rua Princesa Isabel 87, Curitiba/PR"
Juan Martínez,juan.martínez413@systech.br,Lider,(41) 9158-434,"Rua Tiradentes 73, Curitiba/PR"
Lucía Rodríguez,lucía.rodríguez414@systech.br,Vendas,(41) 9376-288,"Rua Oscar Niemeyer 69, Curitiba/PR"
Pedro Pérez,pedro.pérez415@systech.br,Administração,(41) 9526-915,"Rua Dom Pedro I 15, Curitiba/PR"
Carlos Gómez,carlos.gómez416@systech.br,Coordinador,(41) 9204-757,"Rua Machado de Assis 84, Curitiba/PR"
Lucía Díaz,lucía.díaz417@systech.br,Administração,(41) 9819-499,"Rua Machado de Assis 2, Curitiba/PR"
Carlos Pérez,carlos.pérez418@systech.br,Gestor,(41) 9341-131,"Rua Chico Mendes 21, Curitiba/PR"
Juan Gómez,juan.gómez419@systech.br,Gerente,(41) 9866-802,"Rua Machado de Assis 100, Curitiba/PR"
Laura González,laura.gonzález420@systech.br,Compras,(41) 9493-348,"Rua Juscelino Kubitschek 9, Curitiba/PR"
Carlos Díaz,carlos.díaz421@systech.br,Coordinador,(41) 9537-414,"Rua Chico Mendes 84, Curitiba/PR"
Ana Sánchez,ana.sánchez422@systech.br,CEO,(41) 9794-452,"Rua Machado de Assis 12, Curitiba/PR"
Juan Pérez,juan.pérez423@systech.br,Coordinador,(41) 9374-436,"Rua Tiradentes 79, Curitiba/PR"
Luis Pérez,luis.pérez424@systech.br,Vendas,(41) 9214-498,"Rua Zumbi dos Palmares 46, Curitiba/PR"
Juan Gómez,juan.gómez425@systech.br,Compras,(41) 9795-363,"Rua Chico Mendes 73, Curitiba/PR"
Pedro Sánchez,pedro.sánchez426@systech.br,Gestor,(41) 9986-258,"Rua Juscelino Kubitschek 70, Curitiba/PR"
Carlos Sánchez,carlos.sánchez427@systech.br,Compras,(41) 9812-324,"Rua Getúlio Vargas 94, Curitiba/PR"
Ana Martínez,ana.martínez428@systech.br,CEO,(41) 9265-890,"Rua Chico Mendes 21, Curitiba/PR"
Sofía Gómez,sofía.gómez429@systech.br,Compras,(41) 9536-891,"Rua Juscelino Kubitschek 73, Curitiba/PR"
Pedro Gómez,pedro.gómez430@systech.br,Compras,(41) 9251-924,"Rua Princesa Isabel 23, Curitiba/PR"
Miguel Gómez,miguel.gómez431@systech.br,Coordinador,(41) 9548-185,"Rua Getúlio Vargas 34, Curitiba/PR"
Juan López,juan.lópez432@systech.br,Vendas,(41) 9295-426,"Rua Tiradentes 97, Curitiba/PR"
María Rodríguez,maría.rodríguez433@systech.br,Lider,(41) 9722-808,"Rua Dom Pedro II 49, Curitiba/PR"
Lucía Pérez,lucía.pérez434@systech.br,Coordinador,(41) 9842-833,"Rua Chico Mendes 47, Curitiba/PR"
Juan Rodríguez,juan.rodríguez435@systech.br,Administração,(41) 9562-594,"Rua Tiradentes 30, Curitiba/PR"
Luis González,luis.gonzález436@systech.br,Gestor,(41) 9763-406,"Rua Getúlio Vargas 26, Curitiba/PR"
Luis López,luis.lópez437@systech.br,Administração,(41) 9353-398,"Rua Chico Mendes 21, Curitiba/PR"
Carlos Sánchez,carlos.sánchez438@systech.br,Compras,(41) 9280-651,"Rua Getúlio Vargas 23, Curitiba/PR"
Pedro Sánchez,pedro.sánchez439@systech.br,Coordinador,(41) 9436-431,"Rua Princesa Isabel 69, Curitiba/PR"
Laura Fernández,laura.fernández440@systech.br,Administração,(41) 9815-943,"Rua Princesa Isabel 70, Curitiba/PR"
Ana Díaz,ana.díaz441@systech.br,TI,(41) 9604-418,"Rua Princesa Isabel 60, Curitiba/PR"
Miguel Martín,miguel.martín442@systech.br,Gestor,(41) 9936-860,"Rua Machado de Assis 25, Curitiba/PR"
Pedro González,pedro.gonzález443@systech.br,Gerente,(41) 9467-391,"Rua Tiradentes 84, Curitiba/PR"
Laura López,laura.lópez444@systech.br,Gestor,(41) 9181-773,"Rua Dom Pedro I 12, Curitiba/PR"
Luis Díaz,luis.díaz445@systech.br,Lider,(41) 9241-514,"Rua Dom Pedro I 2, Curitiba/PR"
Pedro Rodríguez,pedro.rodríguez446@systech.br,Vendas,(41) 9387-491,"Rua Zumbi dos Palmares 40, Curitiba/PR"
María Rodríguez,maría.rodríguez447@systech.br,Lider,(41) 9606-549,"Rua Machado de Assis 51, Curitiba/PR"
Sofía Martín,sofía.martín448@systech.br,Vendas,(41) 9713-119,"Rua Juscelino Kubitschek 41, Curitiba/PR"
Pedro Fernández,pedro.fernández449@systech.br,Lider,(41) 9836-988,"Rua Dom Pedro I 31, Curitiba/PR"
Ana Pérez,ana.pérez450@systech.br,Administração,(41) 9215-267,"Rua Machado de Assis 71, Curitiba/PR"
Miguel Martín,miguel.martín451@systech.br,Gerente,(41) 9521-356,"Rua Oscar Niemeyer 15, Curitiba/PR"
Pedro González,pedro.gonzález452@systech.br,Compras,(41) 9791-358,"Rua Princesa Isabel 5, Curitiba/PR"
Lucía Rodríguez,lucía.rodríguez453@systech.br,Gestor,(41) 9695-554,"Rua Dom Pedro II 28, Curitiba/PR"
Juan Rodríguez,juan.rodríguez454@systech.br,Coordinador,(41) 9526-231,"Rua Oscar Niemeyer 44, Curitiba/PR"
Carlos López,carlos.lópez455@systech.br,Gerente,(41) 9713-452,"Rua Princesa Isabel 28, Curitiba/PR"
Luis López,luis.lópez456@systech.br,Vendas,(41) 9484-719,"Rua Dom Pedro II 79, Curitiba/PR"
Pedro Martínez,pedro.martínez457@systech.br,Gerente,(41) 9173-359,"Rua Tiradentes 32, Curitiba/PR"
María Fernández,maría.fernández458@systech.br,Coordinador,(41) 9273-385,"Rua Dom Pedro II 21, Curitiba/PR"
Carlos Gómez,carlos.gómez459@systech.br,TI,(41) 9133-666,"Rua Dom Pedro II 93, Curitiba/PR"
Laura López,laura.lópez460@systech.br,Administração,(41) 9278-988,"Rua Dom Pedro II 61, Curitiba/PR"
Luis Martín,luis.martín461@systech.br,Administração,(41) 9500-855,"Rua Princesa Isabel 85, Curitiba/PR"
Ana Díaz,ana.díaz462@systech.br,Coordinador,(41) 9217-309,"Rua Princesa Isabel 27, Curitiba/PR"
Lucía Gómez,lucía.gómez463@systech.br,Administração,(41) 9405-141,"Rua Juscelino Kubitschek 59, Curitiba/PR"
Laura Díaz,laura.díaz464@systech.br,Lider,(41) 9405-235,"Rua Zumbi dos Palmares 68, Curitiba/PR"
Carlos Díaz,carlos.díaz465@systech.br,TI,(41) 9723-619,"Rua Juscelino Kubitschek 100, Curitiba/PR"
María Martín,maría.martín466@systech.br,Administração,(41) 9976-759,"Rua Machado de Assis 1, Curitiba/PR"
Laura Martínez,laura.martínez467@systech.br,Administração,(41) 9267-960,"Rua Dom Pedro II 6, Curitiba/PR"
Laura Gómez,laura.gómez468@systech.br,TI,(41) 9290-153,"Rua Juscelino Kubitschek 25, Curitiba/PR"
Sofía Fernández,sofía.fernández469@systech.br,TI,(41) 9228-540,"Rua Princesa Isabel 38, Curitiba/PR"
Laura López,laura.lópez470@systech.br,Administração,(41) 9577-297,"Rua Dom Pedro II 81, Curitiba/PR"
Laura Martínez,laura.martínez471@systech.br,Coordinador,(41) 9248-503,"Rua Princesa Isabel 21, Curitiba/PR"
Juan Martínez,juan.martínez472@systech.br,Gestor,(41) 9463-985,"Rua Juscelino Kubitschek 16, Curitiba/PR"
Carlos Martínez,carlos.martínez473@systech.br,Gestor,(41) 9196-944,"Rua Machado de Assis 33, Curitiba/PR"
Laura Pérez,laura.pérez474@systech.br,TI,(41) 9429-798,"Rua Dom Pedro II 74, Curitiba/PR"
Ana López,ana.lópez475@systech.br,Vendas,(41) 9573-978,"Rua Zumbi dos Palmares 21, Curitiba/PR"
Luis Martín,luis.martín476@systech.br,Administração,(41) 9233-708,"Rua Getúlio Vargas 58, Curitiba/PR"
Carlos Rodríguez,carlos.rodríguez477@systech.br,Vendas,(41) 9723-951,"Rua Machado de Assis 58, Curitiba/PR"
Lucía Sánchez,lucía.sánchez478@systech.br,Compras,(41) 9986-104,"Rua Getúlio Vargas 7, Curitiba/PR"
Luis Martín,luis.martín479@systech.br,Coordinador,(41) 9577-118,"Rua Oscar Niemeyer 45, Curitiba/PR"
María Martínez,maría.martínez480@systech.br,Gestor,(41) 9189-809,"Rua Machado de Assis 14, Curitiba/PR"
Pedro Martín,pedro.martín481@systech.br,Compras,(41) 9999-973,"Rua Dom Pedro II 3, Curitiba/PR"
Miguel Sánchez,miguel.sánchez482@systech.br,Lider,(41) 9973-545,"Rua Tiradentes 61, Curitiba/PR"
Luis López,luis.lópez483@systech.br,Lider,(41) 9816-434,"Rua Machado de Assis 72, Curitiba/PR"
Lucía Sánchez,lucía.sánchez484@systech.br,CEO,(41) 9477-954,"Rua Getúlio Vargas 20, Curitiba/PR"
Luis Martín,luis.martín485@systech.br,Administração,(41) 9779-114,"Rua Dom Pedro I 61, Curitiba/PR"
Lucía Rodríguez,lucía.rodríguez486@systech.br,CEO,(41) 9364-235,"Rua Dom Pedro II 97, Curitiba/PR"
Lucía González,lucía.gonzález487@systech.br,Vendas,(41) 9414-769,"Rua Tiradentes 66, Curitiba/PR"
Luis Martín,luis.martín488@systech.br,CEO,(41) 9369-315,"Rua Machado de Assis 54, Curitiba/PR"
Laura Rodríguez,laura.rodríguez489@systech.br,Gerente,(41) 9388-238,"Rua Dom Pedro I 73, Curitiba/PR"
Lucía López,lucía.lópez490@systech.br,Gerente,(41) 9293-785,"Rua Juscelino Kubitschek 47, Curitiba/PR"
Miguel Rodríguez,miguel.rodríguez491@systech.br,Compras,(41) 9523-711,"Rua Dom Pedro II 27, Curitiba/PR"
Juan Díaz,juan.díaz492@systech.br,Administração,(41) 9329-131,"Rua Dom Pedro I 46, Curitiba/PR"
Lucía Gómez,lucía.gómez493@systech.br,Compras,(41) 9209-122,"Rua Princesa Isabel 53, Curitiba/PR"
Sofía Gómez,sofía.gómez494@systech.br,Coordinador,(41) 9105-284,"Rua Oscar Niemeyer 37, Curitiba/PR"
María Gómez,maría.gómez495@systech.br,CEO,(41) 9113-275,"Rua Chico Mendes 65, Curitiba/PR"
Pedro Martínez,pedro.martínez496@systech.br,Lider,(41) 9851-247,"Rua Chico Mendes 1, Curitiba/PR"
Ana Sánchez,ana.sánchez497@systech.br,CEO,(41) 9359-697,"Rua Tiradentes 15, Curitiba/PR"
Juan Díaz,juan.díaz498@systech.br,Coordinador,(41) 9610-469,"Rua Chico Mendes 99, Curitiba/PR"
Pedro Martínez,pedro.martínez499@systech.br,CEO,(41) 9622-458,"Rua Princesa Isabel 89, Curitiba/PR"
Ana Díaz,ana.díaz500@systech.br,Lider,(41) 9648-600,"Rua Juscelino Kubitschek 19, Curitiba/PR"
Luis Gómez,luis.gómez501@systech.br,Gestor,(41) 9417-994,"Rua Getúlio Vargas 41, Curitiba/PR"
Juan López,juan.lópez502@systech.br,Administração,(41) 9896-435,"Rua Chico Mendes 88, Curitiba/PR"
Luis Fernández,luis.fernández503@systech.br,Coordinador,(41) 9705-562,"Rua Chico Mendes 43, Curitiba/PR"
Pedro Gómez,pedro.gómez504@systech.br,Gerente,(41) 9441-409,"Rua Dom Pedro I 40, Curitiba/PR"
Sofía Rodríguez,sofía.rodríguez505@systech.br,TI,(41) 9509-163,"Rua Machado de Assis 12, Curitiba/PR"
María Sánchez,maría.sánchez506@systech.br,TI,(41) 9530-639,"Rua Zumbi dos Palmares 41, Curitiba/PR"
Juan González,juan.gonzález507@systech.br,Gestor,(41) 9170-490,"Rua Zumbi dos Palmares 34, Curitiba/PR"
Luis Díaz,luis.díaz508@systech.br,Lider,(41) 9186-292,"Rua Dom Pedro II 70, Curitiba/PR"
Pedro Díaz,pedro.díaz509@systech.br,Lider,(41) 9468-573,"Rua Dom Pedro II 33, Curitiba/PR"
Lucía Martín,lucía.martín510@systech.br,TI,(41) 9611-802,"Rua Princesa Isabel 87, Curitiba/PR"
Luis Díaz,luis.díaz511@systech.br,Compras,(41) 9580-398,"Rua Princesa Isabel 89, Curitiba/PR"
Miguel Sánchez,miguel.sánchez512@systech.br,Lider,(41) 9696-128,"Rua Tiradentes 65, Curitiba/PR"
Laura Sánchez,laura.sánchez513@systech.br,Compras,(41) 9167-785,"Rua Getúlio Vargas 34, Curitiba/PR"
Sofía Martínez,sofía.martínez514@systech.br,Gestor,(41) 9921-694,"Rua Tiradentes 88, Curitiba/PR"
Carlos Martínez,carlos.martínez515@systech.br,CEO,(41) 9380-759,"Rua Juscelino Kubitschek 72, Curitiba/PR"
Ana Fernández,ana.fernández516@systech.br,Lider,(41) 9896-826,"Rua Getúlio Vargas 66, Curitiba/PR"
Luis Rodríguez,luis.rodríguez517@systech.br,Compras,(41) 9792-196,"Rua Dom Pedro II 44, Curitiba/PR"
Ana Sánchez,ana.sánchez518@systech.br,Gestor,(41) 9314-420,"Rua Machado de Assis 43, Curitiba/PR"
Miguel González,miguel.gonzález519@systech.br,CEO,(41) 9332-470,"Rua Tiradentes 74, Curitiba/PR"
Juan Martín,juan.martín520@systech.br,Administração,(41) 9433-726,"Rua Juscelino Kubitschek 16, Curitiba/PR"
María Pérez,maría.pérez521@systech.br,Lider,(41) 9860-222,"Rua Getúlio Vargas 55, Curitiba/PR"
Pedro Díaz,pedro.díaz522@systech.br,Compras,(41) 9806-537,"Rua Oscar Niemeyer 92, Curitiba/PR"
Juan Sánchez,juan.sánchez523@systech.br,Coordinador,(41) 9263-357,"Rua Getúlio Vargas 91, Curitiba/PR"
Miguel Gómez,miguel.gómez524@systech.br,CEO,(41) 9699-388,"Rua Zumbi dos Palmares 8, Curitiba/PR"
Luis Martín,luis.martín525@systech.br,Gerente,(41) 9190-648,"Rua Juscelino Kubitschek 83, Curitiba/PR"
Sofía Pérez,sofía.pérez526@systech.br,CEO,(41) 9223-803,"Rua Princesa Isabel 40, Curitiba/PR"
Laura Fernández,laura.fernández527@systech.br,Coordinador,(41) 9332-871,"Rua Juscelino Kubitschek 30, Curitiba/PR"
Sofía Sánchez,sofía.sánchez528@systech.br,Administração,(41) 9467-191,"Rua Dom Pedro II 11, Curitiba/PR"
Luis Rodríguez,luis.rodríguez529@systech.br,Coordinador,(41) 9530-474,"Rua Oscar Niemeyer 84, Curitiba/PR"
Ana López,ana.lópez530@systech.br,Gestor,(41) 9262-192,"Rua Princesa Isabel 86, Curitiba/PR"
Laura Sánchez,laura.sánchez531@systech.br,Compras,(41) 9112-797,"Rua Getúlio Vargas 85, Curitiba/PR"
Lucía Martín,lucía.martín532@systech.br,Lider,(41) 9212-619,"Rua Chico Mendes 61, Curitiba/PR"
Ana Díaz,ana.díaz533@systech.br,Gestor,(41) 9616-595,"Rua Dom Pedro II 51, Curitiba/PR"
Sofía González,sofía.gonzález534@systech.br,Gestor,(41) 9129-885,"Rua Tiradentes 15, Curitiba/PR"
Pedro Martín,pedro.martín535@systech.br,Coordinador,(41) 9231-459,"Rua Dom Pedro I 47, Curitiba/PR"
María Martín,maría.martín536@systech.br,CEO,(41) 9349-634,"Rua Juscelino Kubitschek 90, Curitiba/PR"
Juan Martín,juan.martín537@systech.br,Gestor,(41) 9850-750,"Rua Getúlio Vargas 11, Curitiba/PR"
Lucía Díaz,lucía.díaz538@systech.br,CEO,(41) 9693-109,"Rua Tiradentes 15, Curitiba/PR"
Laura Rodríguez,laura.rodríguez539@systech.br,Vendas,(41) 9231-628,"Rua Oscar Niemeyer 44, Curitiba/PR"
Ana Gómez,ana.gómez540@systech.br,Gestor,(41) 9528-785,"Rua Juscelino Kubitschek 90, Curitiba/PR"
Luis Martínez,luis.martínez541@systech.br,Gerente,(41) 9783-650,"Rua Princesa Isabel 98, Curitiba/PR"
Sofía Martín,sofía.martín542@systech.br,Compras,(41) 9226-758,"Rua Juscelino Kubitschek 50, Curitiba/PR"
Luis Martínez,luis.martínez543@systech.br,Compras,(41) 9265-752,"Rua Getúlio Vargas 38, Curitiba/PR"
Pedro Martín,pedro.martín544@systech.br,Lider,(41) 9218-522,"Rua Tiradentes 76, Curitiba/PR"
Pedro Gómez,pedro.gómez545@systech.br,Coordinador,(41) 9742-284,"Rua Tiradentes 69, Curitiba/PR"
María Gómez,maría.gómez546@systech.br,CEO,(41) 9254-515,"Rua Dom Pedro II 64, Curitiba/PR"
Luis González,luis.gonzález547@systech.br,TI,(41) 9906-954,"Rua Getúlio Vargas 40, Curitiba/PR"
Juan Gómez,juan.gómez548@systech.br,CEO,(41) 9196-489,"Rua Tiradentes 23, Curitiba/PR"
Lucía Martínez,lucía.martínez549@systech.br,Administração,(41) 9915-670,"Rua Dom Pedro I 65, Curitiba/PR"
Miguel Fernández,miguel.fernández550@systech.br,Compras,(41) 9516-468,"Rua Chico Mendes 35, Curitiba/PR"
Carlos Gómez,carlos.gómez551@systech.br,Gestor,(41) 9923-392,"Rua Dom Pedro I 5, Curitiba/PR"
Ana Gómez,ana.gómez552@systech.br,Administração,(41) 9513-956,"Rua Dom Pedro II 78, Curitiba/PR"
Juan Martín,juan.martín553@systech.br,Gerente,(41) 9686-114,"Rua Tiradentes 34, Curitiba/PR"
Luis Sánchez,luis.sánchez554@systech.br,Vendas,(41) 9470-422,"Rua Juscelino Kubitschek 12, Curitiba/PR"
Laura Díaz,laura.díaz555@systech.br,Administração,(41) 9619-338,"Rua Juscelino Kubitschek 51, Curitiba/PR"
Carlos Martínez,carlos.martínez556@systech.br,Coordinador,(41) 9395-749,"Rua Juscelino Kubitschek 76, Curitiba/PR"
Miguel Martínez,miguel.martínez557@systech.br,Coordinador,(41) 9828-413,"Rua Dom Pedro I 89, Curitiba/PR"
Laura González,laura.gonzález558@systech.br,Gerente,(41) 9987-418,"Rua Oscar Niemeyer 81, Curitiba/PR"
Miguel Díaz,miguel.díaz559@systech.br,TI,(41) 9213-577,"Rua Machado de Assis 4, Curitiba/PR"
Juan Martín,juan.martín560@systech.br,Administração,(41) 9288-450,"Rua Tiradentes 57, Curitiba/PR"
Laura Díaz,laura.díaz561@systech.br,CEO,(41) 9156-715,"Rua Tiradentes 1, Curitiba/PR"
Lucía Fernández,lucía.fernández562@systech.br,Administração,(41) 9247-964,"Rua Getúlio Vargas 18, Curitiba/PR"
Laura González,laura.gonzález563@systech.br,CEO,(41) 9527-227,"Rua Princesa Isabel 91, Curitiba/PR"
Laura Díaz,laura.díaz564@systech.br,Gestor,(41) 9435-881,"Rua Zumbi dos Palmares 49, Curitiba/PR"
María Gómez,maría.gómez565@systech.br,Vendas,(41) 9157-111,"Rua Zumbi dos Palmares 73, Curitiba/PR"
Miguel González,miguel.gonzález566@systech.br,Gestor,(41) 9402-781,"Rua Zumbi dos Palmares 6, Curitiba/PR"
Lucía Fernández,lucía.fernández567@systech.br,Coordinador,(41) 9196-637,"Rua Dom Pedro II 56, Curitiba/PR"
Miguel Gómez,miguel.gómez568@systech.br,Compras,(41) 9995-295,"Rua Dom Pedro II 95, Curitiba/PR"
Ana Martínez,ana.martínez569@systech.br,Administração,(41) 9515-836,"Rua Getúlio Vargas 94, Curitiba/PR"
Sofía Martínez,sofía.martínez570@systech.br,Gerente,(41) 9932-692,"Rua Getúlio Vargas 30, Curitiba/PR"
Luis Martínez,luis.martínez571@systech.br,Coordinador,(41) 9412-618,"Rua Zumbi dos Palmares 14, Curitiba/PR"
María Martínez,maría.martínez572@systech.br,Vendas,(41) 9446-325,"Rua Tiradentes 99, Curitiba/PR"
Pedro Martín,pedro.martín573@systech.br,Compras,(41) 9302-310,"Rua Juscelino Kubitschek 43, Curitiba/PR"
María Pérez,maría.pérez574@systech.br,Compras,(41) 9869-529,"Rua Dom Pedro II 68, Curitiba/PR"
Pedro Rodríguez,pedro.rodríguez575@systech.br,TI,(41) 9717-632,"Rua Zumbi dos Palmares 44, Curitiba/PR"
Sofía Martín,sofía.martín576@systech.br,Gestor,(41) 9871-318,"Rua Dom Pedro II 38, Curitiba/PR"
Pedro Martínez,pedro.martínez577@systech.br,Gestor,(41) 9644-706,"Rua Oscar Niemeyer 83, Curitiba/PR"
Sofía López,sofía.lópez578@systech.br,Lider,(41) 9198-342,"Rua Juscelino Kubitschek 33, Curitiba/PR"
Luis Fernández,luis.fernández579@systech.br,Administração,(41) 9118-896,"Rua Tiradentes 91, Curitiba/PR"
Pedro Martín,pedro.martín580@systech.br,Compras,(41) 9520-368,"Rua Oscar Niemeyer 32, Curitiba/PR"
Laura Martín,laura.martín581@systech.br,Administração,(41) 9575-442,"Rua Zumbi dos Palmares 1, Curitiba/PR"
Lucía Gómez,lucía.gómez582@systech.br,CEO,(41) 9883-797,"Rua Dom Pedro II 73, Curitiba/PR"
Carlos Martín,carlos.martín583@systech.br,TI,(41) 9764-307,"Rua Princesa Isabel 26, Curitiba/PR"
Pedro Gómez,pedro.gómez584@systech.br,Administração,(41) 9873-400,"Rua Machado de Assis 41, Curitiba/PR"
Carlos Pérez,carlos.pérez585@systech.br,Compras,(41) 9956-853,"Rua Dom Pedro I 8, Curitiba/PR"
Sofía Rodríguez,sofía.rodríguez586@systech.br,TI,(41) 9625-231,"Rua Getúlio Vargas 20, Curitiba/PR"
Miguel Gómez,miguel.gómez587@systech.br,TI,(41) 9515-209,"Rua Getúlio Vargas 57, Curitiba/PR"
Sofía Rodríguez,sofía.rodríguez588@systech.br,TI,(41) 9525-519,"Rua Princesa Isabel 26, Curitiba/PR"
María Martínez,maría.martínez589@systech.br,Gestor,(41) 9297-617,"Rua Machado de Assis 48, Curitiba/PR"
Pedro Díaz,pedro.díaz590@systech.br,CEO,(41) 9202-234,"Rua Getúlio Vargas 41, Curitiba/PR"
María Fernández,maría.fernández591@systech.br,Compras,(41) 9233-206,"Rua Chico Mendes 55, Curitiba/PR"
Ana Gómez,ana.gómez592@systech.br,Administração,(41) 9662-337,"Rua Zumbi dos Palmares 49, Curitiba/PR"
María López,maría.lópez593@systech.br,Gestor,(41) 9250-483,"Rua Tiradentes 15, Curitiba/PR"
Ana González,ana.gonzález594@systech.br,Vendas,(41) 9823-737,"Rua Dom Pedro II 64, Curitiba/PR"
Ana Pérez,ana.pérez595@systech.br,Vendas,(41) 9616-255,"Rua Chico Mendes 44, Curitiba/PR"
Ana Martín,ana.martín596@systech.br,Administração,(41) 9270-893,"Rua Machado de Assis 22, Curitiba/PR"
Sofía Martín,sofía.martín597@systech.br,Administração,(41) 9185-372,"Rua Princesa Isabel 85, Curitiba/PR"
Sofía Martínez,sofía.martínez598@systech.br,Administração,(41) 9323-874,"Rua Dom Pedro II 63, Curitiba/PR"
Pedro Díaz,pedro.díaz599@systech.br,Coordinador,(41) 9887-822,"Rua Princesa Isabel 9, Curitiba/PR"
Miguel Gómez,miguel.gómez600@systech.br,TI,(41) 9187-799,"Rua Getúlio Vargas 10, Curitiba/PR"
Laura González,laura.gonzález601@systech.br,Lider,(41) 9157-213,"Rua Tiradentes 80, Curitiba/PR"
Miguel Martínez,miguel.martínez602@systech.br,Vendas,(41) 9776-574,"Rua Oscar Niemeyer 69, Curitiba/PR"
Carlos Martínez,carlos.martínez603@systech.br,Lider,(41) 9777-591,"Rua Dom Pedro I 24, Curitiba/PR"
Luis Pérez,luis.pérez604@systech.br,TI,(41) 9266-164,"Rua Zumbi dos Palmares 66, Curitiba/PR"
Ana Díaz,ana.díaz605@systech.br,Vendas,(41) 9125-772,"Rua Dom Pedro I 92, Curitiba/PR"
María Sánchez,maría.sánchez606@systech.br,Vendas,(41) 9688-998,"Rua Getúlio Vargas 92, Curitiba/PR"
Miguel López,miguel.lópez607@systech.br,Gerente,(41) 9253-281,"Rua Princesa Isabel 62, Curitiba/PR"
Pedro Martín,pedro.martín608@systech.br,CEO,(41) 9954-338,"Rua Princesa Isabel 95, Curitiba/PR"
Juan Martínez,juan.martínez609@systech.br,Gestor,(41) 9413-739,"Rua Dom Pedro I 61, Curitiba/PR"
Pedro Fernández,pedro.fernández610@systech.br,Vendas,(41) 9640-951,"Rua Getúlio Vargas 59, Curitiba/PR"
María Martín,maría.martín611@systech.br,TI,(41) 9442-974,"Rua Princesa Isabel 39, Curitiba/PR"
Juan González,juan.gonzález612@systech.br,Compras,(41) 9755-384,"Rua Princesa Isabel 64, Curitiba/PR"
Carlos Sánchez,carlos.sánchez613@systech.br,TI,(41) 9532-939,"Rua Tiradentes 53, Curitiba/PR"
Luis Rodríguez,luis.rodríguez614@systech.br,Lider,(41) 9724-187,"Rua Zumbi dos Palmares 24, Curitiba/PR"
Laura Martín,laura.martín615@systech.br,Administração,(41) 9175-923,"Rua Dom Pedro II 1, Curitiba/PR"
Ana Díaz,ana.díaz616@systech.br,Gestor,(41) 9636-350,"Rua Juscelino Kubitschek 34, Curitiba/PR"
Pedro López,pedro.lópez617@systech.br,Coordinador,(41) 9249-260,"Rua Machado de Assis 44, Curitiba/PR"
Miguel Sánchez,miguel.sánchez618@systech.br,Gerente,(41) 9156-261,"Rua Dom Pedro I 30, Curitiba/PR"
Luis González,luis.gonzález619@systech.br,Coordinador,(41) 9955-541,"Rua Dom Pedro II 63, Curitiba/PR"
Laura Pérez,laura.pérez620@systech.br,Gestor,(41) 9136-413,"Rua Zumbi dos Palmares 14, Curitiba/PR"
Lucía Pérez,lucía.pérez621@systech.br,CEO,(41) 9857-131,"Rua Dom Pedro I 55, Curitiba/PR"
Carlos Pérez,carlos.pérez622@systech.br,TI,(41) 9588-877,"Rua Tiradentes 57, Curitiba/PR"
Lucía López,lucía.lópez623@systech.br,Gestor,(41) 9372-390,"Rua Princesa Isabel 10, Curitiba/PR"
Carlos Díaz,carlos.díaz624@systech.br,CEO,(41) 9575-637,"Rua Zumbi dos Palmares 7, Curitiba/PR"
Laura López,laura.lópez625@systech.br,CEO,(41) 9394-145,"Rua Getúlio Vargas 90, Curitiba/PR"
Lucía Pérez,lucía.pérez626@systech.br,Administração,(41) 9355-814,"Rua Tiradentes 43, Curitiba/PR"
Sofía Martínez,sofía.martínez627@systech.br,Compras,(41) 9651-474,"Rua Princesa Isabel 71, Curitiba/PR"
Laura Martínez,laura.martínez628@systech.br,Lider,(41) 9801-801,"Rua Princesa Isabel 90, Curitiba/PR"
Juan Martín,juan.martín629@systech.br,Compras,(41) 9891-424,"Rua Chico Mendes 75, Curitiba/PR"
Ana Pérez,ana.pérez630@systech.br,Gestor,(41) 9218-982,"Rua Princesa Isabel 41, Curitiba/PR"
Carlos Gómez,carlos.gómez631@systech.br,Vendas,(41) 9208-138,"Rua Princesa Isabel 91, Curitiba/PR"
María Gómez,maría.gómez632@systech.br,Administração,(41) 9996-462,"Rua Zumbi dos Palmares 61, Curitiba/PR"
Sofía López,sofía.lópez633@systech.br,Compras,(41) 9689-878,"Rua Zumbi dos Palmares 11, Curitiba/PR"
Carlos López,carlos.lópez634@systech.br,Compras,(41) 9430-466,"Rua Dom Pedro II 88, Curitiba/PR"
Pedro Gómez,pedro.gómez635@systech.br,TI,(41) 9749-978,"Rua Dom Pedro I 70, Curitiba/PR"
Pedro Martín,pedro.martín636@systech.br,Gerente,(41) 9747-116,"Rua Tiradentes 98, Curitiba/PR"
María Martínez,maría.martínez637@systech.br,Compras,(41) 9184-926,"Rua Dom Pedro I 31, Curitiba/PR"
Carlos González,carlos.gonzález638@systech.br,Coordinador,(41) 9654-233,"Rua Juscelino Kubitschek 12, Curitiba/PR"
Laura Rodríguez,laura.rodríguez639@systech.br,Lider,(41) 9468-353,"Rua Juscelino Kubitschek 77, Curitiba/PR"
Juan Pérez,juan.pérez640@systech.br,Gestor,(41) 9240-636,"Rua Dom Pedro II 52, Curitiba/PR"
Carlos Martín,carlos.martín641@systech.br,Lider,(41) 9982-926,"Rua Princesa Isabel 71, Curitiba/PR"
Juan Gómez,juan.gómez642@systech.br,Coordinador,(41) 9522-999,"Rua Dom Pedro II 99, Curitiba/PR"
Luis González,luis.gonzález643@systech.br,Compras,(41) 9103-338,"Rua Tiradentes 37, Curitiba/PR"
Laura Pérez,laura.pérez644@systech.br,Gerente,(41) 9841-393,"Rua Zumbi dos Palmares 16, Curitiba/PR"
Juan Sánchez,juan.sánchez645@systech.br,CEO,(41) 9766-708,"Rua Chico Mendes 95, Curitiba/PR"
Sofía Pérez,sofía.pérez646@systech.br,Lider,(41) 9876-810,"Rua Princesa Isabel 77, Curitiba/PR"
Luis Fernández,luis.fernández647@systech.br,Lider,(41) 9458-184,"Rua Chico Mendes 27, Curitiba/PR"
Pedro Sánchez,pedro.sánchez648@systech.br,Lider,(41) 9195-246,"Rua Getúlio Vargas 26, Curitiba/PR"
Miguel Díaz,miguel.díaz649@systech.br,Vendas,(41) 9178-447,"Rua Machado de Assis 7, Curitiba/PR"
Laura Martín,laura.martín650@systech.br,Gerente,(41) 9251-478,"Rua Machado de Assis 12, Curitiba/PR"
Ana Pérez,ana.pérez651@systech.br,Gestor,(41) 9483-448,"Rua Juscelino Kubitschek 12, Curitiba/PR"
Luis Pérez,luis.pérez652@systech.br,Gestor,(41) 9726-298,"Rua Getúlio Vargas 45, Curitiba/PR"
Sofía López,sofía.lópez653@systech.br,Vendas,(41) 9852-912,"Rua Machado de Assis 63, Curitiba/PR"
Ana Rodríguez,ana.rodríguez654@systech.br,Vendas,(41) 9372-733,"Rua Zumbi dos Palmares 39, Curitiba/PR"
María Díaz,maría.díaz655@systech.br,Compras,(41) 9323-250,"Rua Machado de Assis 1, Curitiba/PR"
Sofía Gómez,sofía.gómez656@systech.br,Vendas,(41) 9745-147,"Rua Getúlio Vargas 60, Curitiba/PR"
Ana López,ana.lópez657@systech.br,Gerente,(41) 9613-403,"Rua Juscelino Kubitschek 27, Curitiba/PR"
Laura Rodríguez,laura.rodríguez658@systech.br,Gerente,(41) 9676-861,"Rua Juscelino Kubitschek 95, Curitiba/PR"
Juan Díaz,juan.díaz659@systech.br,Gerente,(41) 9674-733,"Rua Princesa Isabel 26, Curitiba/PR"
Sofía Díaz,sofía.díaz660@systech.br,TI,(41) 9880-658,"Rua Juscelino Kubitschek 90, Curitiba/PR"
Juan Díaz,juan.díaz661@systech.br,Gerente,(41) 9829-918,"Rua Dom Pedro II 56, Curitiba/PR"
Juan Rodríguez,juan.rodríguez662@systech.br,Vendas,(41) 9375-149,"Rua Chico Mendes 88, Curitiba/PR"
Pedro Martínez,pedro.martínez663@systech.br,CEO,(41) 9824-812,"Rua Chico Mendes 92, Curitiba/PR"
Pedro González,pedro.gonzález664@systech.br,Gestor,(41) 9237-168,"Rua Dom Pedro II 17, Curitiba/PR"
Miguel Gómez,miguel.gómez665@systech.br,Vendas,(41) 9128-347,"Rua Princesa Isabel 16, Curitiba/PR"
María Martín,maría.martín666@systech.br,Vendas,(41) 9426-433,"Rua Oscar Niemeyer 80, Curitiba/PR"
Miguel Martínez,miguel.martínez667@systech.br,CEO,(41) 9171-228,"Rua Juscelino Kubitschek 6, Curitiba/PR"
Pedro Pérez,pedro.pérez668@systech.br,Vendas,(41) 9348-844,"Rua Chico Mendes 83, Curitiba/PR"
Pedro Fernández,pedro.fernández669@systech.br,Compras,(41) 9919-148,"Rua Dom Pedro II 4, Curitiba/PR"
Sofía Sánchez,sofía.sánchez670@systech.br,Gerente,(41) 9200-436,"Rua Machado de Assis 36, Curitiba/PR"
Ana Rodríguez,ana.rodríguez671@systech.br,Compras,(41) 9395-836,"Rua Chico Mendes 88, Curitiba/PR"
Lucía Martínez,lucía.martínez672@systech.br,Coordinador,(41) 9761-829,"Rua Zumbi dos Palmares 35, Curitiba/PR"
Laura González,laura.gonzález673@systech.br,TI,(41) 9513-221,"Rua Chico Mendes 93, Curitiba/PR"
Miguel Martínez,miguel.martínez674@systech.br,Administração,(41) 9221-140,"Rua Chico Mendes 92, Curitiba/PR"
María Sánchez,maría.sánchez675@systech.br,Gestor,(41) 9231-251,"Rua Machado de Assis 30, Curitiba/PR"
Laura Gómez,laura.gómez676@systech.br,Lider,(41) 9998-770,"Rua Zumbi dos Palmares 47, Curitiba/PR"
Miguel López,miguel.lópez677@systech.br,TI,(41) 9362-581,"Rua Dom Pedro I 49, Curitiba/PR"
Pedro Pérez,pedro.pérez678@systech.br,Gerente,(41) 9703-537,"Rua Dom Pedro I 98, Curitiba/PR"
Miguel Rodríguez,miguel.rodríguez679@systech.br,Gestor,(41) 9470-752,"Rua Zumbi dos Palmares 90, Curitiba/PR"
María Díaz,maría.díaz680@systech.br,Gerente,(41) 9130-369,"Rua Juscelino Kubitschek 27, Curitiba/PR"
María Rodríguez,maría.rodríguez681@systech.br,Lider,(41) 9229-346,"Rua Princesa Isabel 61, Curitiba/PR"
Pedro Sánchez,pedro.sánchez682@systech.br,Coordinador,(41) 9970-500,"Rua Princesa Isabel 6, Curitiba/PR"
Ana Díaz,ana.díaz683@systech.br,Administração,(41) 9279-578,"Rua Juscelino Kubitschek 5, Curitiba/PR"
María González,maría.gonzález684@systech.br,Gerente,(41) 9306-709,"Rua Dom Pedro II 97, Curitiba/PR"
Sofía Rodríguez,sofía.rodríguez685@systech.br,Lider,(41) 9782-533,"Rua Dom Pedro I 78, Curitiba/PR"
María Gómez,maría.gómez686@systech.br,Administração,(41) 9217-322,"Rua Dom Pedro I 17, Curitiba/PR"
Laura Martínez,laura.martínez687@systech.br,Compras,(41) 9305-502,"Rua Princesa Isabel 67, Curitiba/PR"
Lucía Díaz,lucía.díaz688@systech.br,Coordinador,(41) 9650-980,"Rua Dom Pedro I 3, Curitiba/PR"
Sofía López,sofía.lópez689@systech.br,Gestor,(41) 9895-293,"Rua Dom Pedro I 63, Curitiba/PR"
Sofía Sánchez,sofía.sánchez690@systech.br,Vendas,(41) 9816-643,"Rua Dom Pedro I 9, Curitiba/PR"
Sofía Gómez,sofía.gómez691@systech.br,Administração,(41) 9856-963,"Rua Oscar Niemeyer 30, Curitiba/PR"
Carlos López,carlos.lópez692@systech.br,Compras,(41) 9816-669,"Rua Zumbi dos Palmares 95, Curitiba/PR"
Luis González,luis.gonzález693@systech.br,Lider,(41) 9820-125,"Rua Oscar Niemeyer 92, Curitiba/PR"
Ana Pérez,ana.pérez694@systech.br,CEO,(41) 9871-191,"Rua Tiradentes 10, Curitiba/PR"
Sofía Martín,sofía.martín695@systech.br,Gestor,(41) 9141-444,"Rua Chico Mendes 44, Curitiba/PR"
Lucía Díaz,lucía.díaz696@systech.br,Coordinador,(41) 9515-748,"Rua Dom Pedro II 52, Curitiba/PR"
Ana López,ana.lópez697@systech.br,Coordinador,(41) 9939-986,"Rua Machado de Assis 23, Curitiba/PR"
Ana González,ana.gonzález698@systech.br,TI,(41) 9289-556,"Rua Dom Pedro II 20, Curitiba/PR"
María Martínez,maría.martínez699@systech.br,TI,(41) 9195-795,"Rua Tiradentes 5, Curitiba/PR"
Ana Sánchez,ana.sánchez700@systech.br,TI,(41) 9281-136,"Rua Tiradentes 18, Curitiba/PR"
Pedro Martín,pedro.martín701@systech.br,TI,(41) 9444-805,"Rua Dom Pedro I 66, Curitiba/PR"
Luis González,luis.gonzález702@systech.br,Gerente,(41) 9814-159,"Rua Machado de Assis 65, Curitiba/PR"
Lucía Martín,lucía.martín703@systech.br,Administração,(41) 9408-683,"Rua Princesa Isabel 21, Curitiba/PR"
María López,maría.lópez704@systech.br,Lider,(41) 9769-977,"Rua Tiradentes 73, Curitiba/PR"
Ana Gómez,ana.gómez705@systech.br,Vendas,(41) 9164-205,"Rua Tiradentes 99, Curitiba/PR"
Luis Fernández,luis.fernández706@systech.br,Vendas,(41) 9872-594,"Rua Machado de Assis 33, Curitiba/PR"
Miguel Sánchez,miguel.sánchez707@systech.br,Coordinador,(41) 9240-230,"Rua Machado de Assis 42, Curitiba/PR"
María Martínez,maría.martínez708@systech.br,Administração,(41) 9792-586,"Rua Getúlio Vargas 90, Curitiba/PR"
Pedro López,pedro.lópez709@systech.br,Administração,(41) 9807-630,"Rua Dom Pedro I 76, Curitiba/PR"
Luis González,luis.gonzález710@systech.br,Lider,(41) 9811-520,"Rua Machado de Assis 23, Curitiba/PR"
Carlos Rodríguez,carlos.rodríguez711@systech.br,Gestor,(41) 9979-856,"Rua Machado de Assis 51, Curitiba/PR"
Miguel Rodríguez,miguel.rodríguez712@systech.br,Lider,(41) 9301-926,"Rua Dom Pedro II 67, Curitiba/PR"
Ana Rodríguez,ana.rodríguez713@systech.br,TI,(41) 9974-626,"Rua Zumbi dos Palmares 64, Curitiba/PR"
Laura Fernández,laura.fernández714@systech.br,Coordinador,(41) 9533-558,"Rua Tiradentes 16, Curitiba/PR"
Lucía González,lucía.gonzález715@systech.br,Compras,(41) 9768-655,"Rua Chico Mendes 43, Curitiba/PR"
Luis González,luis.gonzález716@systech.br,Vendas,(41) 9916-331,"Rua Getúlio Vargas 9, Curitiba/PR"
Juan Fernández,juan.fernández717@systech.br,Compras,(41) 9974-229,"Rua Princesa Isabel 39, Curitiba/PR"
Sofía Gómez,sofía.gómez718@systech.br,Administração,(41) 9602-118,"Rua Getúlio Vargas 92, Curitiba/PR"
Ana Martín,ana.martín719@systech.br,Administração,(41) 9481-687,"Rua Oscar Niemeyer 86, Curitiba/PR"
Lucía Fernández,lucía.fernández720@systech.br,CEO,(41) 9937-634,"Rua Zumbi dos Palmares 1, Curitiba/PR"
Luis Gómez,luis.gómez721@systech.br,Administração,(41) 9730-275,"Rua Machado de Assis 1, Curitiba/PR"
Lucía Gómez,lucía.gómez722@systech.br,Vendas,(41) 9562-323,"Rua Dom Pedro II 38, Curitiba/PR"
Sofía Gómez,sofía.gómez723@systech.br,Coordinador,(41) 9728-585,"Rua Chico Mendes 76, Curitiba/PR"
Juan Fernández,juan.fernández724@systech.br,Coordinador,(41) 9263-404,"Rua Chico Mendes 94, Curitiba/PR"
Ana González,ana.gonzález725@systech.br,Gestor,(41) 9793-459,"Rua Princesa Isabel 39, Curitiba/PR"
María Martín,maría.martín726@systech.br,Compras,(41) 9654-720,"Rua Tiradentes 97, Curitiba/PR"
Pedro Pérez,pedro.pérez727@systech.br,Coordinador,(41) 9642-887,"Rua Dom Pedro II 68, Curitiba/PR"
Sofía Martín,sofía.martín728@systech.br,Gestor,(41) 9491-486,"Rua Princesa Isabel 68, Curitiba/PR"
Sofía Fernández,sofía.fernández729@systech.br,CEO,(41) 9697-333,"Rua Oscar Niemeyer 37, Curitiba/PR"
Carlos Fernández,carlos.fernández730@systech.br,CEO,(41) 9375-889,"Rua Princesa Isabel 99, Curitiba/PR"
Sofía Martínez,sofía.martínez731@systech.br,Vendas,(41) 9770-585,"Rua Tiradentes 49, Curitiba/PR"
María Pérez,maría.pérez732@systech.br,Lider,(41) 9385-631,"Rua Juscelino Kubitschek 50, Curitiba/PR"
Laura Rodríguez,laura.rodríguez733@systech.br,Gerente,(41) 9179-480,"Rua Chico Mendes 89, Curitiba/PR"
Lucía Fernández,lucía.fernández734@systech.br,Vendas,(41) 9963-229,"Rua Tiradentes 58, Curitiba/PR"
Miguel López,miguel.lópez735@systech.br,Gestor,(41) 9836-188,"Rua Dom Pedro II 33, Curitiba/PR"
Pedro Sánchez,pedro.sánchez736@systech.br,Gestor,(41) 9103-984,"Rua Dom Pedro II 51, Curitiba/PR"
Pedro Martínez,pedro.martínez737@systech.br,CEO,(41) 9502-539,"Rua Oscar Niemeyer 57, Curitiba/PR"
María Fernández,maría.fernández738@systech.br,Compras,(41) 9996-483,"Rua Oscar Niemeyer 70, Curitiba/PR"
María Gómez,maría.gómez739@systech.br,Coordinador,(41) 9704-676,"Rua Princesa Isabel 84, Curitiba/PR"
Lucía Martín,lucía.martín740@systech.br,Vendas,(41) 9555-901,"Rua Dom Pedro I 91, Curitiba/PR"
Juan Martín,juan.martín741@systech.br,Lider,(41) 9789-186,"Rua Zumbi dos Palmares 40, Curitiba/PR"
Laura Martínez,laura.martínez742@systech.br,TI,(41) 9280-566,"Rua Getúlio Vargas 93, Curitiba/PR"
Ana Martínez,ana.martínez743@systech.br,Gerente,(41) 9624-657,"Rua Princesa Isabel 88, Curitiba/PR"
Miguel Sánchez,miguel.sánchez744@systech.br,Administração,(41) 9525-793,"Rua Getúlio Vargas 75, Curitiba/PR"
Lucía López,lucía.lópez745@systech.br,Vendas,(41) 9326-827,"Rua Zumbi dos Palmares 91, Curitiba/PR"
Pedro Pérez,pedro.pérez746@systech.br,Compras,(41) 9630-832,"Rua Getúlio Vargas 29, Curitiba/PR"
Carlos López,carlos.lópez747@systech.br,Gerente,(41) 9597-862,"Rua Dom Pedro I 63, Curitiba/PR"
Laura Rodríguez,laura.rodríguez748@systech.br,Coordinador,(41) 9273-950,"Rua Getúlio Vargas 25, Curitiba/PR"
Laura González,laura.gonzález749@systech.br,Coordinador,(41) 9134-358,"Rua Princesa Isabel 78, Curitiba/PR"
Carlos Díaz,carlos.díaz750@systech.br,CEO,(41) 9645-814,"Rua Machado de Assis 56, Curitiba/PR"
María Martínez,maría.martínez751@systech.br,Compras,(41) 9456-840,"Rua Dom Pedro II 8, Curitiba/PR"
María Sánchez,maría.sánchez752@systech.br,Lider,(41) 9230-733,"Rua Machado de Assis 74, Curitiba/PR"
Juan Martín,juan.martín753@systech.br,Gerente,(41) 9504-900,"Rua Juscelino Kubitschek 52, Curitiba/PR"
Ana Martín,ana.martín754@systech.br,CEO,(41) 9326-361,"Rua Princesa Isabel 89, Curitiba/PR"
Sofía González,sofía.gonzález755@systech.br,Gestor,(41) 9742-245,"Rua Machado de Assis 100, Curitiba/PR"
Carlos López,carlos.lópez756@systech.br,Compras,(41) 9467-316,"Rua Princesa Isabel 21, Curitiba/PR"
Juan Sánchez,juan.sánchez757@systech.br,Gestor,(41) 9756-142,"Rua Princesa Isabel 62, Curitiba/PR"
Laura Martínez,laura.martínez758@systech.br,TI,(41) 9122-410,"Rua Zumbi dos Palmares 58, Curitiba/PR"
Sofía Fernández,sofía.fernández759@systech.br,Administração,(41) 9135-875,"Rua Princesa Isabel 95, Curitiba/PR"
Carlos González,carlos.gonzález760@systech.br,Administração,(41) 9174-496,"Rua Zumbi dos Palmares 58, Curitiba/PR"
Miguel Díaz,miguel.díaz761@systech.br,Vendas,(41) 9219-839,"Rua Chico Mendes 5, Curitiba/PR"
Pedro Rodríguez,pedro.rodríguez762@systech.br,Gestor,(41) 9878-597,"Rua Chico Mendes 47, Curitiba/PR"
Juan Díaz,juan.díaz763@systech.br,Gerente,(41) 9513-566,"Rua Machado de Assis 77, Curitiba/PR"
Pedro Gómez,pedro.gómez764@systech.br,Gerente,(41) 9744-396,"Rua Getúlio Vargas 89, Curitiba/PR"
Luis Pérez,luis.pérez765@systech.br,Lider,(41) 9493-121,"Rua Princesa Isabel 65, Curitiba/PR"
Carlos Martínez,carlos.martínez766@systech.br,Administração,(41) 9689-190,"Rua Getúlio Vargas 22, Curitiba/PR"
Laura Fernández,laura.fernández767@systech.br,Vendas,(41) 9402-919,"Rua Tiradentes 79, Curitiba/PR"
Luis Fernández,luis.fernández768@systech.br,TI,(41) 9577-956,"Rua Juscelino Kubitschek 23, Curitiba/PR"
Lucía Rodríguez,lucía.rodríguez769@systech.br,Administração,(41) 9898-741,"Rua Tiradentes 9, Curitiba/PR"
Pedro Sánchez,pedro.sánchez770@systech.br,Lider,(41) 9139-228,"Rua Oscar Niemeyer 59, Curitiba/PR"
Sofía Fernández,sofía.fernández771@systech.br,Lider,(41) 9268-904,"Rua Tiradentes 4, Curitiba/PR"
Pedro Martínez,pedro.martínez772@systech.br,Compras,(41) 9825-678,"Rua Princesa Isabel 61, Curitiba/PR"
Carlos Martínez,carlos.martínez773@systech.br,Coordinador,(41) 9918-896,"Rua Zumbi dos Palmares 28, Curitiba/PR"
Carlos Martín,carlos.martín774@systech.br,CEO,(41) 9708-826,"Rua Machado de Assis 76, Curitiba/PR"
Miguel Martínez,miguel.martínez775@systech.br,Vendas,(41) 9478-245,"Rua Oscar Niemeyer 28, Curitiba/PR"
Laura Pérez,laura.pérez776@systech.br,Lider,(41) 9348-399,"Rua Princesa Isabel 90, Curitiba/PR"
María Martínez,maría.martínez777@systech.br,Coordinador,(41) 9792-819,"Rua Chico Mendes 24, Curitiba/PR"
Ana Díaz,ana.díaz778@systech.br,Compras,(41) 9241-339,"Rua Getúlio Vargas 14, Curitiba/PR"
Carlos Martínez,carlos.martínez779@systech.br,Vendas,(41) 9958-917,"Rua Juscelino Kubitschek 28, Curitiba/PR"
Ana Fernández,ana.fernández780@systech.br,Vendas,(41) 9647-123,"Rua Chico Mendes 63, Curitiba/PR"
María Rodríguez,maría.rodríguez781@systech.br,Coordinador,(41) 9481-334,"Rua Machado de Assis 51, Curitiba/PR"
Juan Martínez,juan.martínez782@systech.br,Coordinador,(41) 9778-512,"Rua Chico Mendes 7, Curitiba/PR"
Lucía Sánchez,lucía.sánchez783@systech.br,Compras,(41) 9816-396,"Rua Chico Mendes 59, Curitiba/PR"
Juan Martínez,juan.martínez784@systech.br,TI,(41) 9729-881,"Rua Oscar Niemeyer 58, Curitiba/PR"
Lucía Pérez,lucía.pérez785@systech.br,Vendas,(41) 9883-287,"Rua Machado de Assis 10, Curitiba/PR"
Pedro González,pedro.gonzález786@systech.br,Vendas,(41) 9393-928,"Rua Getúlio Vargas 94, Curitiba/PR"
Luis López,luis.lópez787@systech.br,CEO,(41) 9737-530,"Rua Tiradentes 33, Curitiba/PR"
Luis López,luis.lópez788@systech.br,TI,(41) 9244-369,"Rua Getúlio Vargas 57, Curitiba/PR"
Lucía Díaz,lucía.díaz789@systech.br,Vendas,(41) 9300-998,"Rua Dom Pedro II 32, Curitiba/PR"
Ana Díaz,ana.díaz790@systech.br,TI,(41) 9561-558,"Rua Juscelino Kubitschek 24, Curitiba/PR"
Laura Díaz,laura.díaz791@systech.br,Vendas,(41) 9972-999,"Rua Zumbi dos Palmares 96, Curitiba/PR"
Miguel López,miguel.lópez792@systech.br,Gerente,(41) 9921-883,"Rua Dom Pedro I 25, Curitiba/PR"
Laura Sánchez,laura.sánchez793@systech.br,TI,(41) 9715-392,"Rua Tiradentes 32, Curitiba/PR"
Juan Martín,juan.martín794@systech.br,Gerente,(41) 9429-360,"Rua Dom Pedro I 69, Curitiba/PR"
Sofía Martín,sofía.martín795@systech.br,Coordinador,(41) 9670-721,"Rua Dom Pedro II 79, Curitiba/PR"
Juan López,juan.lópez796@systech.br,Gerente,(41) 9539-842,"Rua Chico Mendes 37, Curitiba/PR"
María González,maría.gonzález797@systech.br,Coordinador,(41) 9249-614,"Rua Dom Pedro II 15, Curitiba/PR"
Pedro Sánchez,pedro.sánchez798@systech.br,Gerente,(41) 9669-429,"Rua Juscelino Kubitschek 90, Curitiba/PR"
Luis López,luis.lópez799@systech.br,Lider,(41) 9573-206,"Rua Dom Pedro II 89, Curitiba/PR"
Luis Pérez,luis.pérez800@systech.br,Gerente,(41) 9965-879,"Rua Princesa Isabel 7, Curitiba/PR"
Juan Díaz,juan.díaz801@systech.br,Vendas,(41) 9706-624,"Rua Oscar Niemeyer 96, Curitiba/PR"
Lucía Martín,lucía.martín802@systech.br,Administração,(41) 9559-914,"Rua Dom Pedro II 20, Curitiba/PR"
Miguel Gómez,miguel.gómez803@systech.br,TI,(41) 9638-162,"Rua Getúlio Vargas 67, Curitiba/PR"
Miguel Sánchez,miguel.sánchez804@systech.br,Coordinador,(41) 9243-360,"Rua Tiradentes 37, Curitiba/PR"
Sofía Rodríguez,sofía.rodríguez805@systech.br,Lider,(41) 9293-169,"Rua Dom Pedro II 6, Curitiba/PR"
Luis Rodríguez,luis.rodríguez806@systech.br,Lider,(41) 9432-517,"Rua Dom Pedro II 80, Curitiba/PR"
Carlos Gómez,carlos.gómez807@systech.br,Gestor,(41) 9271-551,"Rua Machado de Assis 15, Curitiba/PR"
Miguel Gómez,miguel.gómez808@systech.br,Compras,(41) 9749-744,"Rua Chico Mendes 41, Curitiba/PR"
Lucía Rodríguez,lucía.rodríguez809@systech.br,Coordinador,(41) 9925-711,"Rua Machado de Assis 49, Curitiba/PR"
Miguel Díaz,miguel.díaz810@systech.br,Compras,(41) 9252-558,"Rua Oscar Niemeyer 31, Curitiba/PR"
Juan Rodríguez,juan.rodríguez811@systech.br,Gestor,(41) 9988-978,"Rua Juscelino Kubitschek 80, Curitiba/PR"
Pedro Díaz,pedro.díaz812@systech.br,TI,(41) 9798-348,"Rua Juscelino Kubitschek 41, Curitiba/PR"
Pedro Sánchez,pedro.sánchez813@systech.br,TI,(41) 9110-712,"Rua Chico Mendes 69, Curitiba/PR"
Ana Fernández,ana.fernández814@systech.br,CEO,(41) 9429-751,"Rua Oscar Niemeyer 23, Curitiba/PR"
Juan Fernández,juan.fernández815@systech.br,Compras,(41) 9976-393,"Rua Dom Pedro I 67, Curitiba/PR"
Sofía Gómez,sofía.gómez816@systech.br,Compras,(41) 9604-244,"Rua Oscar Niemeyer 30, Curitiba/PR"
Carlos Fernández,carlos.fernández817@systech.br,Coordinador,(41) 9272-213,"Rua Chico Mendes 11, Curitiba/PR"
Pedro Rodríguez,pedro.rodríguez818@systech.br,Vendas,(41) 9233-715,"Rua Oscar Niemeyer 18, Curitiba/PR"
Luis González,luis.gonzález819@systech.br,Gerente,(41) 9396-718,"Rua Tiradentes 83, Curitiba/PR"
Ana Fernández,ana.fernández820@systech.br,Gerente,(41) 9603-306,"Rua Machado de Assis 81, Curitiba/PR"
Luis Rodríguez,luis.rodríguez821@systech.br,Coordinador,(41) 9271-215,"Rua Machado de Assis 14, Curitiba/PR"
Carlos López,carlos.lópez822@systech.br,Coordinador,(41) 9539-425,"Rua Chico Mendes 19, Curitiba/PR"
Juan Rodríguez,juan.rodríguez823@systech.br,Administração,(41) 9374-390,"Rua Dom Pedro II 32, Curitiba/PR"
Sofía Martín,sofía.martín824@systech.br,Gestor,(41) 9565-880,"Rua Tiradentes 39, Curitiba/PR"
Luis Gómez,luis.gómez825@systech.br,Coordinador,(41) 9262-562,"Rua Dom Pedro I 40, Curitiba/PR"
Ana López,ana.lópez826@systech.br,Gestor,(41) 9271-440,"Rua Machado de Assis 78, Curitiba/PR"
Laura Rodríguez,laura.rodríguez827@systech.br,Vendas,(41) 9583-632,"Rua Chico Mendes 89, Curitiba/PR"
María Gómez,maría.gómez828@systech.br,Compras,(41) 9777-650,"Rua Zumbi dos Palmares 77, Curitiba/PR"
Carlos González,carlos.gonzález829@systech.br,Gestor,(41) 9740-206,"Rua Chico Mendes 35, Curitiba/PR"
Laura González,laura.gonzález830@systech.br,Coordinador,(41) 9187-460,"Rua Oscar Niemeyer 99, Curitiba/PR"
Lucía Fernández,lucía.fernández831@systech.br,CEO,(41) 9901-354,"Rua Machado de Assis 14, Curitiba/PR"
Juan Fernández,juan.fernández832@systech.br,Lider,(41) 9328-170,"Rua Machado de Assis 96, Curitiba/PR"
Pedro González,pedro.gonzález833@systech.br,Gestor,(41) 9645-413,"Rua Tiradentes 23, Curitiba/PR"
Juan Martínez,juan.martínez834@systech.br,Compras,(41) 9156-768,"Rua Tiradentes 53, Curitiba/PR"
Sofía López,sofía.lópez835@systech.br,Gerente,(41) 9403-900,"Rua Dom Pedro I 51, Curitiba/PR"
Carlos Martínez,carlos.martínez836@systech.br,Gestor,(41) 9371-801,"Rua Dom Pedro I 9, Curitiba/PR"
Ana Pérez,ana.pérez837@systech.br,TI,(41) 9835-342,"Rua Getúlio Vargas 81, Curitiba/PR"
Juan López,juan.lópez838@systech.br,Administração,(41) 9605-655,"Rua Zumbi dos Palmares 31, Curitiba/PR"
Lucía Pérez,lucía.pérez839@systech.br,Administração,(41) 9214-602,"Rua Tiradentes 18, Curitiba/PR"
Ana González,ana.gonzález840@systech.br,TI,(41) 9166-616,"Rua Princesa Isabel 50, Curitiba/PR"
Laura Martínez,laura.martínez841@systech.br,Coordinador,(41) 9928-195,"Rua Dom Pedro II 54, Curitiba/PR"
Miguel González,miguel.gonzález842@systech.br,CEO,(41) 9598-836,"Rua Oscar Niemeyer 45, Curitiba/PR"
Ana Pérez,ana.pérez843@systech.br,Coordinador,(41) 9964-784,"Rua Princesa Isabel 42, Curitiba/PR"
Lucía Díaz,lucía.díaz844@systech.br,Administração,(41) 9667-797,"Rua Princesa Isabel 49, Curitiba/PR"
Pedro Martínez,pedro.martínez845@systech.br,Compras,(41) 9983-290,"Rua Princesa Isabel 12, Curitiba/PR"
Lucía Martín,lucía.martín846@systech.br,Coordinador,(41) 9178-434,"Rua Juscelino Kubitschek 63, Curitiba/PR"
Lucía Pérez,lucía.pérez847@systech.br,CEO,(41) 9412-931,"Rua Machado de Assis 65, Curitiba/PR"
Luis González,luis.gonzález848@systech.br,Compras,(41) 9115-362,"Rua Zumbi dos Palmares 16, Curitiba/PR"
Luis González,luis.gonzález849@systech.br,Gestor,(41) 9550-393,"Rua Princesa Isabel 83, Curitiba/PR"
Pedro Rodríguez,pedro.rodríguez850@systech.br,Vendas,(41) 9321-579,"Rua Princesa Isabel 100, Curitiba/PR"
Sofía Sánchez,sofía.sánchez851@systech.br,Administração,(41) 9626-269,"Rua Oscar Niemeyer 59, Curitiba/PR"
Lucía Rodríguez,lucía.rodríguez852@systech.br,Administração,(41) 9507-753,"Rua Oscar Niemeyer 81, Curitiba/PR"
Luis López,luis.lópez853@systech.br,Administração,(41) 9742-675,"Rua Oscar Niemeyer 21, Curitiba/PR"
Sofía López,sofía.lópez854@systech.br,Compras,(41) 9658-116,"Rua Chico Mendes 14, Curitiba/PR"
Sofía Fernández,sofía.fernández855@systech.br,TI,(41) 9686-204,"Rua Zumbi dos Palmares 23, Curitiba/PR"
Ana Rodríguez,ana.rodríguez856@systech.br,Compras,(41) 9467-628,"Rua Tiradentes 78, Curitiba/PR"
Luis Rodríguez,luis.rodríguez857@systech.br,Administração,(41) 9599-299,"Rua Juscelino Kubitschek 95, Curitiba/PR"
Juan Sánchez,juan.sánchez858@systech.br,Lider,(41) 9810-798,"Rua Zumbi dos Palmares 58, Curitiba/PR"
Miguel López,miguel.lópez859@systech.br,Vendas,(41) 9365-486,"Rua Juscelino Kubitschek 65, Curitiba/PR"
María López,maría.lópez860@systech.br,TI,(41) 9459-820,"Rua Princesa Isabel 30, Curitiba/PR"
Carlos Díaz,carlos.díaz861@systech.br,Coordinador,(41) 9194-435,"Rua Zumbi dos Palmares 71, Curitiba/PR"
Miguel Gómez,miguel.gómez862@systech.br,Compras,(41) 9294-359,"Rua Princesa Isabel 33, Curitiba/PR"
Miguel Sánchez,miguel.sánchez863@systech.br,Administração,(41) 9813-698,"Rua Princesa Isabel 77, Curitiba/PR"
Sofía López,sofía.lópez864@systech.br,Coordinador,(41) 9395-591,"Rua Juscelino Kubitschek 75, Curitiba/PR"
Luis López,luis.lópez865@systech.br,Vendas,(41) 9614-651,"Rua Princesa Isabel 16, Curitiba/PR"
Ana Sánchez,ana.sánchez866@systech.br,Lider,(41) 9843-914,"Rua Tiradentes 58, Curitiba/PR"
Sofía Pérez,sofía.pérez867@systech.br,Gerente,(41) 9616-218,"Rua Tiradentes 98, Curitiba/PR"
Pedro González,pedro.gonzález868@systech.br,TI,(41) 9928-145,"Rua Getúlio Vargas 3, Curitiba/PR"
Miguel Fernández,miguel.fernández869@systech.br,Administração,(41) 9819-484,"Rua Princesa Isabel 52, Curitiba/PR"
Ana Fernández,ana.fernández870@systech.br,TI,(41) 9270-865,"Rua Dom Pedro I 57, Curitiba/PR"
Ana Pérez,ana.pérez871@systech.br,Gerente,(41) 9620-490,"Rua Dom Pedro I 5, Curitiba/PR"
Luis Martín,luis.martín872@systech.br,Compras,(41) 9695-965,"Rua Tiradentes 4, Curitiba/PR"
Pedro Rodríguez,pedro.rodríguez873@systech.br,Administração,(41) 9167-261,"Rua Machado de Assis 41, Curitiba/PR"
María Martín,maría.martín874@systech.br,Compras,(41) 9518-698,"Rua Machado de Assis 94, Curitiba/PR"
María Rodríguez,maría.rodríguez875@systech.br,Lider,(41) 9866-151,"Rua Dom Pedro II 9, Curitiba/PR"
Miguel Martín,miguel.martín876@systech.br,Coordinador,(41) 9191-295,"Rua Zumbi dos Palmares 2, Curitiba/PR"
Juan Sánchez,juan.sánchez877@systech.br,Vendas,(41) 9359-861,"Rua Machado de Assis 46, Curitiba/PR"
Laura González,laura.gonzález878@systech.br,Coordinador,(41) 9780-759,"Rua Tiradentes 8, Curitiba/PR"
Laura González,laura.gonzález879@systech.br,Administração,(41) 9915-951,"Rua Juscelino Kubitschek 18, Curitiba/PR"
Pedro Martínez,pedro.martínez880@systech.br,Administração,(41) 9872-455,"Rua Tiradentes 81, Curitiba/PR"
Pedro Sánchez,pedro.sánchez881@systech.br,Vendas,(41) 9243-830,"Rua Tiradentes 62, Curitiba/PR"
Juan Fernández,juan.fernández882@systech.br,Gestor,(41) 9789-652,"Rua Dom Pedro II 92, Curitiba/PR"
Sofía Rodríguez,sofía.rodríguez883@systech.br,Lider,(41) 9992-845,"Rua Getúlio Vargas 59, Curitiba/PR"
Sofía Martínez,sofía.martínez884@systech.br,Gerente,(41) 9421-679,"Rua Juscelino Kubitschek 60, Curitiba/PR"
Luis Martínez,luis.martínez885@systech.br,Compras,(41) 9406-247,"Rua Getúlio Vargas 1, Curitiba/PR"
Lucía Martín,lucía.martín886@systech.br,Gerente,(41) 9238-379,"Rua Machado de Assis 18, Curitiba/PR"
Juan Díaz,juan.díaz887@systech.br,TI,(41) 9950-388,"Rua Zumbi dos Palmares 18, Curitiba/PR"
Carlos Fernández,carlos.fernández888@systech.br,CEO,(41) 9379-583,"Rua Zumbi dos Palmares 50, Curitiba/PR"
Ana Díaz,ana.díaz889@systech.br,Compras,(41) 9959-232,"Rua Zumbi dos Palmares 3, Curitiba/PR"
Ana López,ana.lópez890@systech.br,Lider,(41) 9670-815,"Rua Oscar Niemeyer 19, Curitiba/PR"
Sofía Pérez,sofía.pérez891@systech.br,CEO,(41) 9411-286,"Rua Dom Pedro I 67, Curitiba/PR"
Carlos Gómez,carlos.gómez892@systech.br,CEO,(41) 9414-547,"Rua Dom Pedro I 80, Curitiba/PR"
Carlos Rodríguez,carlos.rodríguez893@systech.br,Lider,(41) 9991-894,"Rua Tiradentes 35, Curitiba/PR"
Juan Martín,juan.martín894@systech.br,CEO,(41) 9472-323,"Rua Dom Pedro II 93, Curitiba/PR"
Pedro Sánchez,pedro.sánchez895@systech.br,Gestor,(41) 9783-785,"Rua Dom Pedro I 34, Curitiba/PR"
Lucía Martín,lucía.martín896@systech.br,Administração,(41) 9704-216,"Rua Dom Pedro I 17, Curitiba/PR"
Ana Sánchez,ana.sánchez897@systech.br,Vendas,(41) 9414-256,"Rua Machado de Assis 52, Curitiba/PR"
Ana Rodríguez,ana.rodríguez898@systech.br,Administração,(41) 9498-107,"Rua Zumbi dos Palmares 68, Curitiba/PR"
Juan Martínez,juan.martínez899@systech.br,Administração,(41) 9610-444,"Rua Getúlio Vargas 29, Curitiba/PR"
Carlos Díaz,carlos.díaz900@systech.br,Administração,(41) 9810-432,"Rua Getúlio Vargas 6, Curitiba/PR"
Lucía Rodríguez,lucía.rodríguez901@systech.br,Lider,(41) 9896-185,"Rua Zumbi dos Palmares 2, Curitiba/PR"
Laura Sánchez,laura.sánchez902@systech.br,Lider,(41) 9255-477,"Rua Dom Pedro II 89, Curitiba/PR"
Carlos Pérez,carlos.pérez903@systech.br,Vendas,(41) 9358-230,"Rua Dom Pedro I 87, Curitiba/PR"
Juan Martín,juan.martín904@systech.br,Lider,(41) 9169-935,"Rua Dom Pedro I 8, Curitiba/PR"
Lucía Díaz,lucía.díaz905@systech.br,TI,(41) 9490-706,"Rua Tiradentes 8, Curitiba/PR"
Miguel González,miguel.gonzález906@systech.br,Administração,(41) 9617-113,"Rua Chico Mendes 67, Curitiba/PR"
Miguel Pérez,miguel.pérez907@systech.br,Gestor,(41) 9572-969,"Rua Chico Mendes 46, Curitiba/PR"
Carlos Rodríguez,carlos.rodríguez908@systech.br,Vendas,(41) 9843-402,"Rua Tiradentes 4, Curitiba/PR"
Miguel Rodríguez,miguel.rodríguez909@systech.br,TI,(41) 9122-235,"Rua Oscar Niemeyer 79, Curitiba/PR"
Juan González,juan.gonzález910@systech.br,Vendas,(41) 9273-881,"Rua Oscar Niemeyer 10, Curitiba/PR"
Laura López,laura.lópez911@systech.br,Gestor,(41) 9222-533,"Rua Juscelino Kubitschek 54, Curitiba/PR"
Carlos González,carlos.gonzález912@systech.br,CEO,(41) 9668-272,"Rua Tiradentes 23, Curitiba/PR"
Sofía Sánchez,sofía.sánchez913@systech.br,Administração,(41) 9561-215,"Rua Machado de Assis 43, Curitiba/PR"
Carlos Sánchez,carlos.sánchez914@systech.br,Coordinador,(41) 9316-321,"Rua Tiradentes 38, Curitiba/PR"
Luis Fernández,luis.fernández915@systech.br,Coordinador,(41) 9192-990,"Rua Zumbi dos Palmares 98, Curitiba/PR"
Ana Gómez,ana.gómez916@systech.br,Gerente,(41) 9970-374,"Rua Zumbi dos Palmares 46, Curitiba/PR"
Laura Sánchez,laura.sánchez917@systech.br,TI,(41) 9806-791,"Rua Zumbi dos Palmares 90, Curitiba/PR"
Laura Pérez,laura.pérez918@systech.br,Administração,(41) 9891-185,"Rua Getúlio Vargas 94, Curitiba/PR"
Laura Fernández,laura.fernández919@systech.br,Administração,(41) 9231-409,"Rua Oscar Niemeyer 85, Curitiba/PR"
Ana Fernández,ana.fernández920@systech.br,Coordinador,(41) 9930-808,"Rua Juscelino Kubitschek 52, Curitiba/PR"
Miguel Díaz,miguel.díaz921@systech.br,Administração,(41) 9278-545,"Rua Oscar Niemeyer 39, Curitiba/PR"
María Martín,maría.martín922@systech.br,Vendas,(41) 9647-696,"Rua Zumbi dos Palmares 11, Curitiba/PR"
Luis Gómez,luis.gómez923@systech.br,Administração,(41) 9680-244,"Rua Chico Mendes 51, Curitiba/PR"
Miguel Rodríguez,miguel.rodríguez924@systech.br,Vendas,(41) 9393-708,"Rua Zumbi dos Palmares 71, Curitiba/PR"
María Gómez,maría.gómez925@systech.br,CEO,(41) 9583-637,"Rua Princesa Isabel 51, Curitiba/PR"
Lucía Pérez,lucía.pérez926@systech.br,Administração,(41) 9269-279,"Rua Juscelino Kubitschek 85, Curitiba/PR"
Juan Pérez,juan.pérez927@systech.br,Compras,(41) 9469-540,"Rua Chico Mendes 49, Curitiba/PR"
Sofía Martín,sofía.martín928@systech.br,Gerente,(41) 9819-479,"Rua Machado de Assis 92, Curitiba/PR"
Ana Pérez,ana.pérez929@systech.br,CEO,(41) 9535-513,"Rua Getúlio Vargas 32, Curitiba/PR"
Carlos Martín,carlos.martín930@systech.br,Vendas,(41) 9406-172,"Rua Dom Pedro I 40, Curitiba/PR"
Laura Díaz,laura.díaz931@systech.br,TI,(41) 9600-770,"Rua Chico Mendes 9, Curitiba/PR"
Luis Fernández,luis.fernández932@systech.br,CEO,(41) 9542-129,"Rua Princesa Isabel 74, Curitiba/PR"
Juan Gómez,juan.gómez933@systech.br,Gerente,(41) 9919-243,"Rua Princesa Isabel 48, Curitiba/PR"
Laura González,laura.gonzález934@systech.br,Compras,(41) 9972-147,"Rua Getúlio Vargas 31, Curitiba/PR"
Laura Díaz,laura.díaz935@systech.br,Gerente,(41) 9419-560,"Rua Oscar Niemeyer 34, Curitiba/PR"
María Rodríguez,maría.rodríguez936@systech.br,Gerente,(41) 9449-186,"Rua Oscar Niemeyer 69, Curitiba/PR"
Lucía Rodríguez,lucía.rodríguez937@systech.br,Vendas,(41) 9375-707,"Rua Machado de Assis 80, Curitiba/PR"
Pedro Díaz,pedro.díaz938@systech.br,Gerente,(41) 9633-669,"Rua Dom Pedro I 85, Curitiba/PR"
Luis Martínez,luis.martínez939@systech.br,Lider,(41) 9510-142,"Rua Dom Pedro I 53, Curitiba/PR"
Juan López,juan.lópez940@systech.br,TI,(41) 9506-965,"Rua Getúlio Vargas 76, Curitiba/PR"
Sofía Pérez,sofía.pérez941@systech.br,Lider,(41) 9708-761,"Rua Zumbi dos Palmares 73, Curitiba/PR"
Lucía Martín,lucía.martín942@systech.br,Coordinador,(41) 9160-901,"Rua Tiradentes 23, Curitiba/PR"
Laura López,laura.lópez943@systech.br,TI,(41) 9859-135,"Rua Oscar Niemeyer 17, Curitiba/PR"
Ana López,ana.lópez944@systech.br,CEO,(41) 9791-637,"Rua Chico Mendes 45, Curitiba/PR"
Carlos González,carlos.gonzález945@systech.br,Compras,(41) 9999-877,"Rua Machado de Assis 56, Curitiba/PR"
Lucía Díaz,lucía.díaz946@systech.br,Gestor,(41) 9924-201,"Rua Machado de Assis 47, Curitiba/PR"
María Rodríguez,maría.rodríguez947@systech.br,Compras,(41) 9158-441,"Rua Oscar Niemeyer 73, Curitiba/PR"
Lucía Martínez,lucía.martínez948@systech.br,Administração,(41) 9741-919,"Rua Getúlio Vargas 4, Curitiba/PR"
Miguel López,miguel.lópez949@systech.br,TI,(41) 9691-223,"Rua Chico Mendes 22, Curitiba/PR"
Ana González,ana.gonzález950@systech.br,CEO,(41) 9397-294,"Rua Getúlio Vargas 84, Curitiba/PR"
Miguel Pérez,miguel.pérez951@systech.br,Gerente,(41) 9305-811,"Rua Dom Pedro I 11, Curitiba/PR"
Miguel Pérez,miguel.pérez952@systech.br,Lider,(41) 9657-292,"Rua Tiradentes 5, Curitiba/PR"
Pedro Fernández,pedro.fernández953@systech.br,Gestor,(41) 9571-862,"Rua Dom Pedro II 59, Curitiba/PR"
Luis Pérez,luis.pérez954@systech.br,CEO,(41) 9934-784,"Rua Tiradentes 84, Curitiba/PR"
Sofía Rodríguez,sofía.rodríguez955@systech.br,Lider,(41) 9399-762,"Rua Dom Pedro II 17, Curitiba/PR"
María Díaz,maría.díaz956@systech.br,Lider,(41) 9572-445,"Rua Juscelino Kubitschek 83, Curitiba/PR"
Pedro Rodríguez,pedro.rodríguez957@systech.br,Vendas,(41) 9560-581,"Rua Chico Mendes 80, Curitiba/PR"
Carlos Martínez,carlos.martínez958@systech.br,Administração,(41) 9255-109,"Rua Dom Pedro II 89, Curitiba/PR"
Luis Rodríguez,luis.rodríguez959@systech.br,Administração,(41) 9201-386,"Rua Getúlio Vargas 79, Curitiba/PR"
María Martínez,maría.martínez960@systech.br,Vendas,(41) 9477-572,"Rua Getúlio Vargas 1, Curitiba/PR"
Juan López,juan.lópez961@systech.br,Coordinador,(41) 9311-151,"Rua Juscelino Kubitschek 23, Curitiba/PR"
Sofía López,sofía.lópez962@systech.br,Compras,(41) 9276-960,"Rua Dom Pedro II 68, Curitiba/PR"
Juan Rodríguez,juan.rodríguez963@systech.br,Compras,(41) 9983-413,"Rua Machado de Assis 8, Curitiba/PR"
Pedro López,pedro.lópez964@systech.br,CEO,(41) 9416-311,"Rua Zumbi dos Palmares 94, Curitiba/PR"
María Fernández,maría.fernández965@systech.br,Compras,(41) 9541-932,"Rua Juscelino Kubitschek 93, Curitiba/PR"
Luis González,luis.gonzález966@systech.br,CEO,(41) 9222-905,"Rua Chico Mendes 2, Curitiba/PR"
Ana Sánchez,ana.sánchez967@systech.br,CEO,(41) 9817-465,"Rua Dom Pedro II 37, Curitiba/PR"
Juan Sánchez,juan.sánchez968@systech.br,Lider,(41) 9600-480,"Rua Dom Pedro II 18, Curitiba/PR"
Pedro Fernández,pedro.fernández969@systech.br,CEO,(41) 9597-819,"Rua Dom Pedro II 100, Curitiba/PR"
Luis Martínez,luis.martínez970@systech.br,Gerente,(41) 9948-574,"Rua Dom Pedro II 91, Curitiba/PR"
María López,maría.lópez971@systech.br,Gestor,(41) 9672-847,"Rua Tiradentes 36, Curitiba/PR"
Carlos Sánchez,carlos.sánchez972@systech.br,TI,(41) 9947-604,"Rua Oscar Niemeyer 68, Curitiba/PR"
María Díaz,maría.díaz973@systech.br,TI,(41) 9185-477,"Rua Tiradentes 70, Curitiba/PR"
Laura Díaz,laura.díaz974@systech.br,Gestor,(41) 9398-951,"Rua Getúlio Vargas 48, Curitiba/PR"
Miguel Sánchez,miguel.sánchez975@systech.br,Vendas,(41) 9541-771,"Rua Juscelino Kubitschek 39, Curitiba/PR"
Miguel Díaz,miguel.díaz976@systech.br,Lider,(41) 9262-861,"Rua Princesa Isabel 49, Curitiba/PR"
Luis Martínez,luis.martínez977@systech.br,Coordinador,(41) 9376-631,"Rua Getúlio Vargas 55, Curitiba/PR"
Ana González,ana.gonzález978@systech.br,Coordinador,(41) 9566-796,"Rua Juscelino Kubitschek 99, Curitiba/PR"
Ana Martín,ana.martín979@systech.br,Compras,(41) 9910-309,"Rua Tiradentes 47, Curitiba/PR"
Carlos Díaz,carlos.díaz980@systech.br,Compras,(41) 9393-236,"Rua Princesa Isabel 47, Curitiba/PR"
Luis Martín,luis.martín981@systech.br,Compras,(41) 9810-630,"Rua Machado de Assis 53, Curitiba/PR"
Laura Martín,laura.martín982@systech.br,TI,(41) 9734-964,"Rua Juscelino Kubitschek 60, Curitiba/PR"
María González,maría.gonzález983@systech.br,Compras,(41) 9877-457,"Rua Princesa Isabel 10, Curitiba/PR"
Miguel Martínez,miguel.martínez984@systech.br,Administração,(41) 9142-779,"Rua Princesa Isabel 63, Curitiba/PR"
Miguel Martínez,miguel.martínez985@systech.br,Gestor,(41) 9235-113,"Rua Oscar Niemeyer 2, Curitiba/PR"
Laura Pérez,laura.pérez986@systech.br,CEO,(41) 9251-196,"Rua Juscelino Kubitschek 39, Curitiba/PR"
Carlos Martín,carlos.martín987@systech.br,Coordinador,(41) 9588-216,"Rua Juscelino Kubitschek 70, Curitiba/PR"
Miguel González,miguel.gonzález988@systech.br,TI,(41) 9169-554,"Rua Dom Pedro I 27, Curitiba/PR"
Luis Fernández,luis.fernández989@systech.br,TI,(41) 9920-104,"Rua Chico Mendes 21, Curitiba/PR"
María Martín,maría.martín990@systech.br,Administração,(41) 9410-582,"Rua Zumbi dos Palmares 20, Curitiba/PR"
Ana Gómez,ana.gómez991@systech.br,TI,(41) 9641-790,"Rua Chico Mendes 20, Curitiba/PR"
Ana Rodríguez,ana.rodríguez992@systech.br,CEO,(41) 9963-629,"Rua Zumbi dos Palmares 13, Curitiba/PR"
Lucía Díaz,lucía.díaz993@systech.br,Vendas,(41) 9883-857,"Rua Dom Pedro II 57, Curitiba/PR"
Juan Martínez,juan.martínez994@systech.br,Coordinador,(41) 9134-651,"Rua Princesa Isabel 79, Curitiba/PR"
Juan Martín,juan.martín995@systech.br,Compras,(41) 9952-805,"Rua Machado de Assis 65, Curitiba/PR"
Sofía Rodríguez,sofía.rodríguez996@systech.br,Vendas,(41) 9996-112,"Rua Chico Mendes 58, Curitiba/PR"
Sofía López,sofía.lópez997@systech.br,Lider,(41) 9447-420,"Rua Dom Pedro II 54, Curitiba/PR"
María Sánchez,maría.sánchez998@systech.br,CEO,(41) 9283-339,"Rua Oscar Niemeyer 32, Curitiba/PR"
Luis Martínez,luis.martínez999@systech.br,Administração,(41) 9298-525,"Rua Dom Pedro II 35, Curitiba/PR"
Sofía López,sofía.lópez1000@systech.br,TI,(41) 9272-901,"Rua Oscar Niemeyer 12, Curitiba/PR"
